INSERT INTO public.car (car_id, model_id, vin, available, color, number) VALUES (1, 6, 961401862, true, 'yellow', 'PQ1FD');
INSERT INTO public.car (car_id, model_id, vin, available, color, number) VALUES (2, 3, 656599928, true, 'green', 'DO97E');
INSERT INTO public.car (car_id, model_id, vin, available, color, number) VALUES (3, 4, 938184629, true, 'yellow', 'F3EA4');
INSERT INTO public.car (car_id, model_id, vin, available, color, number) VALUES (4, 10, 403104569, true, 'red', 'JVJJD');
INSERT INTO public.car (car_id, model_id, vin, available, color, number) VALUES (5, 4, 387171469, true, 'green', 'CYRIN');
INSERT INTO public.car (car_id, model_id, vin, available, color, number) VALUES (6, 5, 559566456, true, 'red', 'W1N90');
INSERT INTO public.car (car_id, model_id, vin, available, color, number) VALUES (7, 1, 909142684, true, 'green', '8BXWU');
INSERT INTO public.car (car_id, model_id, vin, available, color, number) VALUES (8, 1, 369940451, true, 'blue', 'VKFNN');
INSERT INTO public.car (car_id, model_id, vin, available, color, number) VALUES (9, 3, 561685023, true, 'green', '973B3');
INSERT INTO public.car (car_id, model_id, vin, available, color, number) VALUES (10, 1, 291081198, true, 'green', 'N5QPY');
INSERT INTO public.car (car_id, model_id, vin, available, color, number) VALUES (11, 2, 685284968, true, 'blue', 'G9MJJ');
INSERT INTO public.car (car_id, model_id, vin, available, color, number) VALUES (12, 4, 145955156, true, 'green', 'B9ZGQ');
INSERT INTO public.car (car_id, model_id, vin, available, color, number) VALUES (13, 10, 809560575, true, 'red', 'WJQPZ');
INSERT INTO public.car (car_id, model_id, vin, available, color, number) VALUES (14, 3, 582831279, true, 'yellow', 'NNDV4');
INSERT INTO public.car (car_id, model_id, vin, available, color, number) VALUES (15, 5, 942076078, true, 'yellow', '13UPL');
INSERT INTO public.car (car_id, model_id, vin, available, color, number) VALUES (16, 2, 308625371, true, 'red', '69095');
INSERT INTO public.car (car_id, model_id, vin, available, color, number) VALUES (17, 8, 207801425, true, 'blue', 'M9ULU');
INSERT INTO public.car (car_id, model_id, vin, available, color, number) VALUES (18, 8, 703611017, true, 'green', 'QJCEE');
INSERT INTO public.car (car_id, model_id, vin, available, color, number) VALUES (19, 1, 134197226, true, 'blue', 'D0U50');
INSERT INTO public.car (car_id, model_id, vin, available, color, number) VALUES (20, 8, 728492672, true, 'yellow', 'H24WW');
INSERT INTO public.car (car_id, model_id, vin, available, color, number) VALUES (21, 8, 406851598, true, 'blue', 'GFTDB');
INSERT INTO public.car (car_id, model_id, vin, available, color, number) VALUES (22, 6, 640483023, true, 'red', '6N8UW');
INSERT INTO public.car (car_id, model_id, vin, available, color, number) VALUES (23, 9, 983969174, true, 'yellow', 'LY9WY');
INSERT INTO public.car (car_id, model_id, vin, available, color, number) VALUES (24, 7, 213402383, true, 'blue', '0960P');
INSERT INTO public.car (car_id, model_id, vin, available, color, number) VALUES (25, 2, 771708376, true, 'yellow', 'IMBDR');
INSERT INTO public.car (car_id, model_id, vin, available, color, number) VALUES (26, 5, 527722217, true, 'red', 'A3FAZ');
INSERT INTO public.car (car_id, model_id, vin, available, color, number) VALUES (27, 1, 303529018, true, 'green', 'WUBCJ');
INSERT INTO public.car (car_id, model_id, vin, available, color, number) VALUES (28, 7, 900787788, true, 'green', 'YMX2A');
INSERT INTO public.car (car_id, model_id, vin, available, color, number) VALUES (29, 2, 846802777, true, 'green', '0U9O8');
INSERT INTO public.car (car_id, model_id, vin, available, color, number) VALUES (30, 6, 878657075, true, 'red', '8TUD0');
INSERT INTO public.car (car_id, model_id, vin, available, color, number) VALUES (31, 8, 288568579, true, 'green', 'RPNAA');
INSERT INTO public.car (car_id, model_id, vin, available, color, number) VALUES (32, 8, 424900730, true, 'green', 'NTSJD');
INSERT INTO public.car (car_id, model_id, vin, available, color, number) VALUES (33, 10, 445662125, true, 'red', 'YCD9R');
INSERT INTO public.car (car_id, model_id, vin, available, color, number) VALUES (34, 4, 523148157, true, 'yellow', 'P6R2P');
INSERT INTO public.car (car_id, model_id, vin, available, color, number) VALUES (35, 2, 338400042, true, 'green', 'OHRJ2');
INSERT INTO public.car (car_id, model_id, vin, available, color, number) VALUES (36, 4, 822645477, true, 'yellow', 'SV37B');
INSERT INTO public.car (car_id, model_id, vin, available, color, number) VALUES (37, 6, 343925930, true, 'red', '6BDOL');
INSERT INTO public.car (car_id, model_id, vin, available, color, number) VALUES (38, 6, 726697382, true, 'green', 'IRZTQ');
INSERT INTO public.car (car_id, model_id, vin, available, color, number) VALUES (39, 8, 661125855, true, 'red', 'O4CS7');
INSERT INTO public.car (car_id, model_id, vin, available, color, number) VALUES (40, 7, 914796005, true, 'red', 'IHDFW');
INSERT INTO public.car (car_id, model_id, vin, available, color, number) VALUES (41, 1, 871612145, true, 'yellow', '2SE29');
INSERT INTO public.car (car_id, model_id, vin, available, color, number) VALUES (42, 7, 600861540, true, 'green', '1EUU7');
INSERT INTO public.car (car_id, model_id, vin, available, color, number) VALUES (43, 4, 312897884, true, 'blue', 'FI6JP');
INSERT INTO public.car (car_id, model_id, vin, available, color, number) VALUES (44, 7, 633316507, true, 'green', 'L4AKR');
INSERT INTO public.car (car_id, model_id, vin, available, color, number) VALUES (45, 9, 795502364, true, 'blue', '94WOR');
INSERT INTO public.car (car_id, model_id, vin, available, color, number) VALUES (46, 7, 138762162, true, 'green', '25GVV');
INSERT INTO public.car (car_id, model_id, vin, available, color, number) VALUES (47, 2, 986094319, true, 'green', 'UF7XJ');
INSERT INTO public.car (car_id, model_id, vin, available, color, number) VALUES (48, 9, 149517226, true, 'red', 'ESLXI');
INSERT INTO public.car (car_id, model_id, vin, available, color, number) VALUES (49, 1, 379270825, true, 'blue', '4ONHZ');
INSERT INTO public.car (car_id, model_id, vin, available, color, number) VALUES (50, 9, 156330612, true, 'red', 'VUG3D');
INSERT INTO public.car (car_id, model_id, vin, available, color, number) VALUES (51, 1, 151027741, true, 'red', 'X3E6S');
INSERT INTO public.car (car_id, model_id, vin, available, color, number) VALUES (52, 2, 455327777, true, 'yellow', 'SDBYP');
INSERT INTO public.car (car_id, model_id, vin, available, color, number) VALUES (53, 5, 225898027, true, 'blue', 'NLHA0');
INSERT INTO public.car (car_id, model_id, vin, available, color, number) VALUES (54, 4, 812427451, true, 'yellow', 'PZ44E');
INSERT INTO public.car (car_id, model_id, vin, available, color, number) VALUES (55, 6, 460831445, true, 'yellow', '0YFQH');
INSERT INTO public.car (car_id, model_id, vin, available, color, number) VALUES (56, 9, 130697512, true, 'yellow', '09PHC');
INSERT INTO public.car (car_id, model_id, vin, available, color, number) VALUES (57, 4, 725791150, true, 'yellow', 'KGCH1');
INSERT INTO public.car (car_id, model_id, vin, available, color, number) VALUES (58, 3, 380637416, true, 'blue', 'KCFHF');
INSERT INTO public.car (car_id, model_id, vin, available, color, number) VALUES (59, 2, 924893781, true, 'green', 'W3I2Y');
INSERT INTO public.car (car_id, model_id, vin, available, color, number) VALUES (60, 1, 258610288, true, 'blue', 'GZE1J');
INSERT INTO public.car (car_id, model_id, vin, available, color, number) VALUES (61, 3, 988910333, true, 'blue', 'N5CTZ');
INSERT INTO public.car (car_id, model_id, vin, available, color, number) VALUES (62, 9, 691965309, true, 'green', '6USHH');
INSERT INTO public.car (car_id, model_id, vin, available, color, number) VALUES (63, 9, 799381170, true, 'green', 'KCA9O');
INSERT INTO public.car (car_id, model_id, vin, available, color, number) VALUES (64, 3, 698680334, true, 'yellow', '05H5W');
INSERT INTO public.car (car_id, model_id, vin, available, color, number) VALUES (65, 4, 760427509, true, 'green', 'MNSQZ');
INSERT INTO public.car (car_id, model_id, vin, available, color, number) VALUES (66, 6, 145615164, true, 'green', 'R7QXX');
INSERT INTO public.car (car_id, model_id, vin, available, color, number) VALUES (67, 5, 156491172, true, 'yellow', 'JOEUF');
INSERT INTO public.car (car_id, model_id, vin, available, color, number) VALUES (68, 2, 274643376, true, 'green', '7D011');
INSERT INTO public.car (car_id, model_id, vin, available, color, number) VALUES (69, 10, 546197601, true, 'yellow', 'I1TUH');
INSERT INTO public.car (car_id, model_id, vin, available, color, number) VALUES (70, 10, 597480161, true, 'yellow', 'Y0I3I');
INSERT INTO public.car (car_id, model_id, vin, available, color, number) VALUES (71, 1, 946050472, true, 'blue', '8HBOF');
INSERT INTO public.car (car_id, model_id, vin, available, color, number) VALUES (72, 5, 639356138, true, 'yellow', 'GQGEX');
INSERT INTO public.car (car_id, model_id, vin, available, color, number) VALUES (73, 1, 956419926, true, 'blue', 'FA2Z2');
INSERT INTO public.car (car_id, model_id, vin, available, color, number) VALUES (74, 10, 411883215, true, 'yellow', 'YCUHP');
INSERT INTO public.car (car_id, model_id, vin, available, color, number) VALUES (75, 2, 573765329, true, 'yellow', 'GAG5K');
INSERT INTO public.car (car_id, model_id, vin, available, color, number) VALUES (76, 4, 571923037, true, 'blue', '0948L');
INSERT INTO public.car (car_id, model_id, vin, available, color, number) VALUES (77, 2, 443323595, true, 'blue', 'T3F84');
INSERT INTO public.car (car_id, model_id, vin, available, color, number) VALUES (78, 4, 471533651, true, 'blue', 'URRQZ');
INSERT INTO public.car (car_id, model_id, vin, available, color, number) VALUES (79, 5, 281016150, true, 'yellow', 'KIG3V');
INSERT INTO public.car (car_id, model_id, vin, available, color, number) VALUES (80, 7, 692382418, true, 'green', 'QAEQ3');
INSERT INTO public.car (car_id, model_id, vin, available, color, number) VALUES (81, 2, 128150784, true, 'green', 'PZFDJ');
INSERT INTO public.car (car_id, model_id, vin, available, color, number) VALUES (82, 5, 674014260, true, 'green', '6538A');
INSERT INTO public.car (car_id, model_id, vin, available, color, number) VALUES (83, 8, 362832261, true, 'red', 'G9KJQ');
INSERT INTO public.car (car_id, model_id, vin, available, color, number) VALUES (84, 1, 301907148, true, 'yellow', 'S9VKG');
INSERT INTO public.car (car_id, model_id, vin, available, color, number) VALUES (85, 3, 123586011, true, 'red', '9PE3Y');
INSERT INTO public.car (car_id, model_id, vin, available, color, number) VALUES (86, 2, 693538833, true, 'red', 'CV32X');
INSERT INTO public.car (car_id, model_id, vin, available, color, number) VALUES (87, 7, 664192858, true, 'red', '3KISU');
INSERT INTO public.car (car_id, model_id, vin, available, color, number) VALUES (88, 3, 380215949, true, 'blue', 'U2PHU');
INSERT INTO public.car (car_id, model_id, vin, available, color, number) VALUES (89, 3, 634911925, true, 'green', 'A5JVS');
INSERT INTO public.car (car_id, model_id, vin, available, color, number) VALUES (90, 7, 818834137, true, 'red', 'NHK9N');
INSERT INTO public.car (car_id, model_id, vin, available, color, number) VALUES (91, 10, 592447416, true, 'yellow', '5KQDD');
INSERT INTO public.car (car_id, model_id, vin, available, color, number) VALUES (92, 7, 305830964, true, 'green', 'ZFJP1');
INSERT INTO public.car (car_id, model_id, vin, available, color, number) VALUES (93, 2, 352623228, true, 'yellow', '5DD3F');
INSERT INTO public.car (car_id, model_id, vin, available, color, number) VALUES (94, 4, 444488228, true, 'blue', 'XPSUS');
INSERT INTO public.car (car_id, model_id, vin, available, color, number) VALUES (95, 7, 259354592, true, 'green', '1HS5V');
INSERT INTO public.car (car_id, model_id, vin, available, color, number) VALUES (96, 1, 291390240, true, 'blue', 'O792E');
INSERT INTO public.car (car_id, model_id, vin, available, color, number) VALUES (97, 1, 696686394, true, 'blue', 'TGS2Z');
INSERT INTO public.car (car_id, model_id, vin, available, color, number) VALUES (98, 3, 595729337, true, 'yellow', 'ZRGTU');
INSERT INTO public.car (car_id, model_id, vin, available, color, number) VALUES (99, 2, 936079382, true, 'green', 'DP6C9');
INSERT INTO public.car (car_id, model_id, vin, available, color, number) VALUES (100, 6, 997270722, true, 'yellow', 'ZI2ZG');
INSERT INTO public.car (car_id, model_id, vin, available, color, number) VALUES (101, 1, 4062216, true, 'red', 'ANRwr');
INSERT INTO public.car (car_id, model_id, vin, available, color, number) VALUES (102, 1, 8131276, true, 'red', 'ANRtj');
INSERT INTO public.car (car_id, model_id, vin, available, color, number) VALUES (103, 1, 3247029, true, 'red', 'ANOrk');
INSERT INTO public.car (car_id, model_id, vin, available, color, number) VALUES (104, 1, 6087880, true, 'red', 'ANAre');
INSERT INTO public.car (car_id, model_id, vin, available, color, number) VALUES (105, 1, 1755922, true, 'red', 'ANTpf');
INSERT INTO public.car (car_id, model_id, vin, available, color, number) VALUES (106, 1, 5008028, true, 'red', 'ANNtt');
INSERT INTO public.car (car_id, model_id, vin, available, color, number) VALUES (107, 1, 7873999, true, 'red', 'ANAsf');
INSERT INTO public.car (car_id, model_id, vin, available, color, number) VALUES (108, 1, 3747856, true, 'red', 'ANZgf');
INSERT INTO public.car (car_id, model_id, vin, available, color, number) VALUES (109, 1, 9355144, true, 'red', 'ANTxh');
INSERT INTO public.car (car_id, model_id, vin, available, color, number) VALUES (110, 1, 4288915, true, 'red', 'ANMja');
INSERT INTO public.car_part (part_id, name, price) VALUES (1, 'A/C Clutch', 19032);
INSERT INTO public.car_part (part_id, name, price) VALUES (2, 'A/C Compressor', 1067);
INSERT INTO public.car_part (part_id, name, price) VALUES (3, 'A/C Condenser', 5058);
INSERT INTO public.car_part (part_id, name, price) VALUES (4, 'A/C Hose', 8853);
INSERT INTO public.car_part (part_id, name, price) VALUES (5, 'A/C Kit', 4682);
INSERT INTO public.car_part (part_id, name, price) VALUES (6, 'A/C Relay', 9153);
INSERT INTO public.car_part (part_id, name, price) VALUES (7, 'A/C Valve', 18260);
INSERT INTO public.car_part (part_id, name, price) VALUES (8, 'A/C Expansion Valve', 7526);
INSERT INTO public.car_part (part_id, name, price) VALUES (9, 'A/C Low-pressure Valve', 15157);
INSERT INTO public.car_part (part_id, name, price) VALUES (10, 'A/C Schroeder Valve', 15064);
INSERT INTO public.car_part (part_id, name, price) VALUES (11, 'A/C INNER PLATE', 13836);
INSERT INTO public.car_part (part_id, name, price) VALUES (12, 'A/C Cooler', 16822);
INSERT INTO public.car_part (part_id, name, price) VALUES (13, 'A/C Evaporator', 6356);
INSERT INTO public.car_part (part_id, name, price) VALUES (14, 'A/C Suction Hose Pipe', 19353);
INSERT INTO public.car_part (part_id, name, price) VALUES (15, 'A/C Discharge Hose Pipe', 18692);
INSERT INTO public.car_part (part_id, name, price) VALUES (16, 'A/C Gas Receiver', 12950);
INSERT INTO public.car_part (part_id, name, price) VALUES (17, 'A/C Condenser Filter', 3809);
INSERT INTO public.car_part (part_id, name, price) VALUES (18, 'A/C Cabin Filter', 2826);
INSERT INTO public.car_part (part_id, name, price) VALUES (19, 'Front Right Outer door handle', 897);
INSERT INTO public.car_part (part_id, name, price) VALUES (20, 'Front Left Side Outer door handle', 2770);
INSERT INTO public.car_part (part_id, name, price) VALUES (21, 'Rear Right Side Outer door handle', 6536);
INSERT INTO public.car_part (part_id, name, price) VALUES (22, 'Rear Left Side Outer door handle', 15540);
INSERT INTO public.car_part (part_id, name, price) VALUES (23, 'Front Right Side Inner door handle', 2084);
INSERT INTO public.car_part (part_id, name, price) VALUES (24, 'Front Left Side Inner door handle', 19523);
INSERT INTO public.car_part (part_id, name, price) VALUES (25, 'Rear Right Side Inner door handle', 10169);
INSERT INTO public.car_part (part_id, name, price) VALUES (26, 'Rear Left Side Inner door handle', 12634);
INSERT INTO public.car_part (part_id, name, price) VALUES (27, 'Back Door Outer Door Handles', 14156);
INSERT INTO public.car_part (part_id, name, price) VALUES (28, 'Front Right Side Window motor', 5809);
INSERT INTO public.car_part (part_id, name, price) VALUES (29, 'Front Left Side Window motor', 14218);
INSERT INTO public.car_part (part_id, name, price) VALUES (30, 'Rear Right Side Window motor', 4845);
INSERT INTO public.car_part (part_id, name, price) VALUES (31, 'Rear Left Side Window motor', 13900);
INSERT INTO public.car_part (part_id, name, price) VALUES (32, 'Door control module', 3454);
INSERT INTO public.car_part (part_id, name, price) VALUES (33, 'Door seal', 17419);
INSERT INTO public.car_part (part_id, name, price) VALUES (34, 'Door water-shield', 19379);
INSERT INTO public.car_part (part_id, name, price) VALUES (35, 'Hinge', 8629);
INSERT INTO public.car_part (part_id, name, price) VALUES (36, 'Door latch', 10613);
INSERT INTO public.car_part (part_id, name, price) VALUES (37, 'Door lock and power door locks', 2712);
INSERT INTO public.car_part (part_id, name, price) VALUES (38, 'Central-locking', 5878);
INSERT INTO public.car_part (part_id, name, price) VALUES (39, 'Fuel tank (or fuel filler) door', 9723);
INSERT INTO public.car_part (part_id, name, price) VALUES (40, 'Sunroof Rail', 12624);
INSERT INTO public.car_part (part_id, name, price) VALUES (41, 'Sunroof Glass', 10270);
INSERT INTO public.car_part (part_id, name, price) VALUES (42, 'Window motor', 3223);
INSERT INTO public.car_part (part_id, name, price) VALUES (43, 'Window regulator', 16429);
INSERT INTO public.car_part (part_id, name, price) VALUES (44, 'Windshield (also called windscreen)', 12872);
INSERT INTO public.car_part (part_id, name, price) VALUES (45, 'Windshield washer motor', 17848);
INSERT INTO public.car_part (part_id, name, price) VALUES (46, 'Window seal', 4260);
INSERT INTO public.car_part (part_id, name, price) VALUES (47, 'Front Right Side Door Glass', 11713);
INSERT INTO public.car_part (part_id, name, price) VALUES (48, 'Front Left Side Door Glass', 1150);
INSERT INTO public.car_part (part_id, name, price) VALUES (49, 'Rear Right Side Door Glass', 13300);
INSERT INTO public.car_part (part_id, name, price) VALUES (50, 'Rear Left Side Door Glass', 8759);
INSERT INTO public.car_part (part_id, name, price) VALUES (51, 'Rear Right Quarter Glass', 908);
INSERT INTO public.car_part (part_id, name, price) VALUES (52, 'Rear Left Quarter Glass', 2441);
INSERT INTO public.car_part (part_id, name, price) VALUES (53, 'Sunroof', 5798);
INSERT INTO public.car_part (part_id, name, price) VALUES (54, 'Sunroof motor', 1657);
INSERT INTO public.car_part (part_id, name, price) VALUES (55, 'Battery', 9761);
INSERT INTO public.car_part (part_id, name, price) VALUES (56, 'Door switch', 247);
INSERT INTO public.car_part (part_id, name, price) VALUES (57, 'Ignition switch', 2167);
INSERT INTO public.car_part (part_id, name, price) VALUES (58, 'Power window switch', 18015);
INSERT INTO public.car_part (part_id, name, price) VALUES (59, 'Steering column switch', 3639);
INSERT INTO public.car_part (part_id, name, price) VALUES (60, 'Switch cover', 102);
INSERT INTO public.car_part (part_id, name, price) VALUES (61, 'Switch panel', 5316);
INSERT INTO public.car_part (part_id, name, price) VALUES (62, 'Thermostat', 10680);
INSERT INTO public.car_part (part_id, name, price) VALUES (63, 'Frame switch', 3802);
INSERT INTO public.car_part (part_id, name, price) VALUES (64, 'Fan ditch', 10002);
INSERT INTO public.car_part (part_id, name, price) VALUES (65, 'Parts and functions of starter system', 17223);
INSERT INTO public.car_part (part_id, name, price) VALUES (66, 'Neutral Safety Switch', 9652);
INSERT INTO public.car_part (part_id, name, price) VALUES (67, 'Grab Handle', 14408);
INSERT INTO public.car_part (part_id, name, price) VALUES (68, 'Navigation system / GPS navigation device', 17486);
INSERT INTO public.car_part (part_id, name, price) VALUES (69, 'Performance chip', 2176);
INSERT INTO public.car_part (part_id, name, price) VALUES (70, 'Performance monitor', 16586);
INSERT INTO public.car_part (part_id, name, price) VALUES (71, 'Relay connector', 8808);
INSERT INTO public.car_part (part_id, name, price) VALUES (72, 'Remote lock', 15598);
INSERT INTO public.car_part (part_id, name, price) VALUES (73, 'Shift improver', 13583);
INSERT INTO public.car_part (part_id, name, price) VALUES (74, 'Speed controller', 5492);
INSERT INTO public.car_part (part_id, name, price) VALUES (75, 'Speedometer calibrator', 256);
INSERT INTO public.car_part (part_id, name, price) VALUES (76, 'Transmission computer', 8861);
INSERT INTO public.car_part (part_id, name, price) VALUES (77, 'Wiring connector', 12220);
INSERT INTO public.car_part (part_id, name, price) VALUES (78, 'Diesel engine, petrol engine (gasoline engine)', 16889);
INSERT INTO public.car_part (part_id, name, price) VALUES (79, 'Accessory belt', 6690);
INSERT INTO public.car_part (part_id, name, price) VALUES (80, 'Air duct', 5911);
INSERT INTO public.car_part (part_id, name, price) VALUES (81, 'Air intake housing', 4281);
INSERT INTO public.car_part (part_id, name, price) VALUES (82, 'Air intake manifold', 19521);
INSERT INTO public.car_part (part_id, name, price) VALUES (83, 'Camshaft', 15262);
INSERT INTO public.car_part (part_id, name, price) VALUES (84, 'Camshaft bearing', 805);
INSERT INTO public.car_part (part_id, name, price) VALUES (85, 'Camshaft fastener', 1142);
INSERT INTO public.car_part (part_id, name, price) VALUES (86, 'Camshaft follower', 11646);
INSERT INTO public.car_part (part_id, name, price) VALUES (87, 'Camshaft locking plate', 19164);
INSERT INTO public.car_part (part_id, name, price) VALUES (88, 'Camshaft pushrod', 961);
INSERT INTO public.car_part (part_id, name, price) VALUES (89, 'Camshaft spacer ring', 19738);
INSERT INTO public.car_part (part_id, name, price) VALUES (90, 'Camshaft phase variator', 5703);
INSERT INTO public.car_part (part_id, name, price) VALUES (91, 'Connecting rod', 845);
INSERT INTO public.car_part (part_id, name, price) VALUES (92, 'Connecting rod bearing', 6246);
INSERT INTO public.car_part (part_id, name, price) VALUES (93, 'Connecting rod bolt', 16886);
INSERT INTO public.car_part (part_id, name, price) VALUES (94, 'Connecting rod washer', 1648);
INSERT INTO public.car_part (part_id, name, price) VALUES (95, 'Crank case', 1677);
INSERT INTO public.car_part (part_id, name, price) VALUES (96, 'Crank pulley', 8927);
INSERT INTO public.car_part (part_id, name, price) VALUES (97, 'Crankshaft', 6873);
INSERT INTO public.car_part (part_id, name, price) VALUES (98, 'Crankshaft oil seal', 3414);
INSERT INTO public.car_part (part_id, name, price) VALUES (99, 'Cylinder head', 3130);
INSERT INTO public.car_part (part_id, name, price) VALUES (100, 'Cylinder head cover', 4793);
INSERT INTO public.car_part (part_id, name, price) VALUES (101, 'Other cylinder head cover parts', 4885);
INSERT INTO public.car_part (part_id, name, price) VALUES (102, 'Cylinder head gasket', 10536);
INSERT INTO public.car_part (part_id, name, price) VALUES (103, 'Distributor', 10979);
INSERT INTO public.car_part (part_id, name, price) VALUES (104, 'Distributor cap', 19486);
INSERT INTO public.car_part (part_id, name, price) VALUES (105, 'Drive belt', 8881);
INSERT INTO public.car_part (part_id, name, price) VALUES (106, 'Engine block', 465);
INSERT INTO public.car_part (part_id, name, price) VALUES (107, 'Engine cradle', 13611);
INSERT INTO public.car_part (part_id, name, price) VALUES (108, 'Engine shake damper and vibration absorber', 10512);
INSERT INTO public.car_part (part_id, name, price) VALUES (109, 'Engine valve', 8099);
INSERT INTO public.car_part (part_id, name, price) VALUES (110, 'Fan belt', 3363);
INSERT INTO public.car_part (part_id, name, price) VALUES (111, 'Gudgeon pin (wrist pin)', 18429);
INSERT INTO public.car_part (part_id, name, price) VALUES (112, 'Harmonic balancer', 2773);
INSERT INTO public.car_part (part_id, name, price) VALUES (113, 'Heater', 8235);
INSERT INTO public.car_part (part_id, name, price) VALUES (114, 'Mounting', 9513);
INSERT INTO public.car_part (part_id, name, price) VALUES (115, 'Piston', 19561);
INSERT INTO public.car_part (part_id, name, price) VALUES (116, 'Piston pin and crank pin', 3024);
INSERT INTO public.car_part (part_id, name, price) VALUES (117, 'Piston pin bush', 7196);
INSERT INTO public.car_part (part_id, name, price) VALUES (118, 'Piston ring and circlip', 14658);
INSERT INTO public.car_part (part_id, name, price) VALUES (119, 'Poppet valve', 12739);
INSERT INTO public.car_part (part_id, name, price) VALUES (120, 'PCV valve (positive crankcase ventilation valve)', 15632);
INSERT INTO public.car_part (part_id, name, price) VALUES (121, 'Pulley part', 8313);
INSERT INTO public.car_part (part_id, name, price) VALUES (122, 'Rocker arm', 19070);
INSERT INTO public.car_part (part_id, name, price) VALUES (123, 'Rocker cover', 2390);
INSERT INTO public.car_part (part_id, name, price) VALUES (124, 'Starter motor', 13116);
INSERT INTO public.car_part (part_id, name, price) VALUES (125, 'Starter pinion', 12570);
INSERT INTO public.car_part (part_id, name, price) VALUES (126, 'Starter ring', 13825);
INSERT INTO public.car_part (part_id, name, price) VALUES (127, 'Turbocharger and supercharger', 8885);
INSERT INTO public.car_part (part_id, name, price) VALUES (128, 'Tappet', 5557);
INSERT INTO public.car_part (part_id, name, price) VALUES (129, 'Timing tape', 3414);
INSERT INTO public.car_part (part_id, name, price) VALUES (130, 'Valve cover', 6623);
INSERT INTO public.car_part (part_id, name, price) VALUES (131, 'Valve housing', 9939);
INSERT INTO public.car_part (part_id, name, price) VALUES (132, 'Valve spring', 4910);
INSERT INTO public.car_part (part_id, name, price) VALUES (133, 'Valve stem seal', 144);
INSERT INTO public.car_part (part_id, name, price) VALUES (134, 'Water pump pulley', 15707);
INSERT INTO public.car_part (part_id, name, price) VALUES (135, 'Air blower', 7496);
INSERT INTO public.car_part (part_id, name, price) VALUES (136, 'Coolant hose (clamp)', 3142);
INSERT INTO public.car_part (part_id, name, price) VALUES (137, 'Cooling fan', 13027);
INSERT INTO public.car_part (part_id, name, price) VALUES (138, 'Fan blade', 12864);
INSERT INTO public.car_part (part_id, name, price) VALUES (139, 'Fan clutch', 4105);
INSERT INTO public.car_part (part_id, name, price) VALUES (140, 'Radiator', 19864);
INSERT INTO public.car_part (part_id, name, price) VALUES (141, 'Radiator bolt', 7116);
INSERT INTO public.car_part (part_id, name, price) VALUES (142, 'Radiator (fan) shroud', 18837);
INSERT INTO public.car_part (part_id, name, price) VALUES (143, 'Radiator gasket', 4309);
INSERT INTO public.car_part (part_id, name, price) VALUES (144, 'Radiator pressure cap', 16669);
INSERT INTO public.car_part (part_id, name, price) VALUES (145, 'Overflow tank', 10597);
INSERT INTO public.car_part (part_id, name, price) VALUES (146, 'Thermostat', 4092);
INSERT INTO public.car_part (part_id, name, price) VALUES (147, 'Exhaust manifold gasket', 16668);
INSERT INTO public.car_part (part_id, name, price) VALUES (148, 'Exhaust pipe', 12511);
INSERT INTO public.car_part (part_id, name, price) VALUES (149, 'Heat shield', 9632);
INSERT INTO public.car_part (part_id, name, price) VALUES (150, 'Heat sleeving and tape', 7750);
INSERT INTO public.car_part (part_id, name, price) VALUES (151, 'Resonator', 8570);
INSERT INTO public.car_part (part_id, name, price) VALUES (152, 'Muffler (Silencer)', 6150);
INSERT INTO public.car_part (part_id, name, price) VALUES (153, 'Spacer ring', 18424);
INSERT INTO public.car_part (part_id, name, price) VALUES (154, 'Fuel injector nozzle', 5342);
INSERT INTO public.car_part (part_id, name, price) VALUES (155, 'Fuel line', 4519);
INSERT INTO public.car_part (part_id, name, price) VALUES (156, 'Fuel pump', 10429);
INSERT INTO public.car_part (part_id, name, price) VALUES (157, 'Fuel pump gasket', 13593);
INSERT INTO public.car_part (part_id, name, price) VALUES (158, 'Fuel pressure regulator', 548);
INSERT INTO public.car_part (part_id, name, price) VALUES (159, 'Fuel rail', 17686);
INSERT INTO public.car_part (part_id, name, price) VALUES (160, 'Fuel tank', 6336);
INSERT INTO public.car_part (part_id, name, price) VALUES (161, 'Fuel tank cover', 8861);
INSERT INTO public.car_part (part_id, name, price) VALUES (162, 'Fuel water separator', 13469);
INSERT INTO public.car_part (part_id, name, price) VALUES (163, 'Intake manifold', 6577);
INSERT INTO public.car_part (part_id, name, price) VALUES (164, 'Intake manifold gasket', 17986);
INSERT INTO public.car_part (part_id, name, price) VALUES (165, 'LPG (Liquefied petroleum gas) system assembly', 18698);
INSERT INTO public.car_part (part_id, name, price) VALUES (166, 'Throttle body', 5479);
INSERT INTO public.car_part (part_id, name, price) VALUES (167, 'Air filter', 19057);
INSERT INTO public.car_part (part_id, name, price) VALUES (168, 'Carburetor', 6785);
INSERT INTO public.car_part (part_id, name, price) VALUES (169, 'Carburetor parts', 3771);
INSERT INTO public.car_part (part_id, name, price) VALUES (170, 'Choke cable', 17125);
INSERT INTO public.car_part (part_id, name, price) VALUES (171, 'EGR valve', 6488);
INSERT INTO public.car_part (part_id, name, price) VALUES (172, 'Fuel cap', 12528);
INSERT INTO public.car_part (part_id, name, price) VALUES (173, 'Fuel cell', 12030);
INSERT INTO public.car_part (part_id, name, price) VALUES (174, 'Fuel cell component', 9573);
INSERT INTO public.car_part (part_id, name, price) VALUES (175, 'Fuel cooler', 6014);
INSERT INTO public.car_part (part_id, name, price) VALUES (176, 'Fuel distributor', 9269);
INSERT INTO public.car_part (part_id, name, price) VALUES (177, 'Fuel filter', 18301);
INSERT INTO public.car_part (part_id, name, price) VALUES (178, 'Fuel filter seal', 6509);
INSERT INTO public.car_part (part_id, name, price) VALUES (179, 'Fuel injector', 4960);
INSERT INTO public.car_part (part_id, name, price) VALUES (180, 'Axle', 3899);
INSERT INTO public.car_part (part_id, name, price) VALUES (181, 'Camber arm', 7581);
INSERT INTO public.car_part (part_id, name, price) VALUES (182, 'Control arm', 13168);
INSERT INTO public.car_part (part_id, name, price) VALUES (183, 'Beam axle', 6943);
INSERT INTO public.car_part (part_id, name, price) VALUES (184, 'Idler arm', 2581);
INSERT INTO public.car_part (part_id, name, price) VALUES (185, 'Kingpin', 9812);
INSERT INTO public.car_part (part_id, name, price) VALUES (186, 'Lateral link', 6804);
INSERT INTO public.car_part (part_id, name, price) VALUES (187, 'Pan-hard rod', 11537);
INSERT INTO public.car_part (part_id, name, price) VALUES (188, 'Pit-man arm', 8008);
INSERT INTO public.car_part (part_id, name, price) VALUES (189, 'Power steering assembly and component', 17218);
INSERT INTO public.car_part (part_id, name, price) VALUES (190, 'Rack end', 5384);
INSERT INTO public.car_part (part_id, name, price) VALUES (191, 'Shock absorber', 11287);
INSERT INTO public.car_part (part_id, name, price) VALUES (192, 'Spindle', 4687);
INSERT INTO public.car_part (part_id, name, price) VALUES (193, 'Spring', 4775);
INSERT INTO public.car_part (part_id, name, price) VALUES (194, 'Air spring', 4480);
INSERT INTO public.car_part (part_id, name, price) VALUES (195, 'Coil spring', 3226);
INSERT INTO public.car_part (part_id, name, price) VALUES (196, 'Leaf and parabolic leaf spring', 7554);
INSERT INTO public.car_part (part_id, name, price) VALUES (197, 'Ball joint', 3474);
INSERT INTO public.car_part (part_id, name, price) VALUES (198, 'Rubber spring', 810);
INSERT INTO public.car_part (part_id, name, price) VALUES (199, 'Spiral spring', 15846);
INSERT INTO public.car_part (part_id, name, price) VALUES (200, 'Adjustable pedal', 10446);
INSERT INTO public.car_part (part_id, name, price) VALUES (201, 'Axle shaft', 9774);
INSERT INTO public.car_part (part_id, name, price) VALUES (202, 'Bell housing', 4495);
INSERT INTO public.car_part (part_id, name, price) VALUES (203, 'Universal joint', 15145);
INSERT INTO public.car_part (part_id, name, price) VALUES (204, 'Other belts', 8081);
INSERT INTO public.car_part (part_id, name, price) VALUES (205, 'Carrier assembly', 18646);
INSERT INTO public.car_part (part_id, name, price) VALUES (206, 'Chain wheel and sprocket', 3227);
INSERT INTO public.car_part (part_id, name, price) VALUES (207, 'Clutch assembly', 12742);
INSERT INTO public.car_part (part_id, name, price) VALUES (208, 'Clutch cable', 12269);
INSERT INTO public.car_part (part_id, name, price) VALUES (209, 'Clutch disk', 13410);
INSERT INTO public.car_part (part_id, name, price) VALUES (210, 'Clutch fan', 14579);
INSERT INTO public.car_part (part_id, name, price) VALUES (211, 'Clutch fork', 7424);
INSERT INTO public.car_part (part_id, name, price) VALUES (212, 'Clutch hose', 12702);
INSERT INTO public.car_part (part_id, name, price) VALUES (213, 'Clutch lever', 18855);
INSERT INTO public.car_part (part_id, name, price) VALUES (214, 'Clutch lining', 19343);
INSERT INTO public.car_part (part_id, name, price) VALUES (215, 'Clutch pedal', 11508);
INSERT INTO public.car_part (part_id, name, price) VALUES (216, 'Clutch pressure plate', 10761);
INSERT INTO public.car_part (part_id, name, price) VALUES (217, 'Clutch shoe', 3765);
INSERT INTO public.car_part (part_id, name, price) VALUES (218, 'Clutch spring', 11114);
INSERT INTO public.car_part (part_id, name, price) VALUES (219, 'Differential', 16043);
INSERT INTO public.car_part (part_id, name, price) VALUES (220, 'Differential case', 8929);
INSERT INTO public.car_part (part_id, name, price) VALUES (221, 'Pinion bearing', 1241);
INSERT INTO public.car_part (part_id, name, price) VALUES (222, 'Differential clutch', 368);
INSERT INTO public.car_part (part_id, name, price) VALUES (223, 'Spider gears', 7960);
INSERT INTO public.car_part (part_id, name, price) VALUES (224, 'Differential casing', 10104);
INSERT INTO public.car_part (part_id, name, price) VALUES (225, 'Differential flange', 3533);
INSERT INTO public.car_part (part_id, name, price) VALUES (226, 'Differential gear', 289);
INSERT INTO public.car_part (part_id, name, price) VALUES (227, 'Differential seal', 9278);
INSERT INTO public.car_part (part_id, name, price) VALUES (228, 'Flywheel', 18650);
INSERT INTO public.car_part (part_id, name, price) VALUES (229, 'Flywheel ring gear', 14238);
INSERT INTO public.car_part (part_id, name, price) VALUES (230, 'Gear', 13557);
INSERT INTO public.car_part (part_id, name, price) VALUES (231, 'Gear coupling', 4568);
INSERT INTO public.car_part (part_id, name, price) VALUES (232, 'Gear pump', 1953);
INSERT INTO public.car_part (part_id, name, price) VALUES (233, 'Gear ring', 6587);
INSERT INTO public.car_part (part_id, name, price) VALUES (234, 'Gear stick (gear-stick, gear lever, selection lever, shift stick, gear shifter)', 9684);
INSERT INTO public.car_part (part_id, name, price) VALUES (235, 'Gearbox', 14400);
INSERT INTO public.car_part (part_id, name, price) VALUES (236, 'Idler gear', 7603);
INSERT INTO public.car_part (part_id, name, price) VALUES (237, 'Knuckle', 102);
INSERT INTO public.car_part (part_id, name, price) VALUES (238, 'Master cylinder', 378);
INSERT INTO public.car_part (part_id, name, price) VALUES (239, 'Output shaft', 12795);
INSERT INTO public.car_part (part_id, name, price) VALUES (240, 'Pinion', 14632);
INSERT INTO public.car_part (part_id, name, price) VALUES (241, 'Planetary gear set', 15965);
INSERT INTO public.car_part (part_id, name, price) VALUES (242, 'Prop shaft (drive shaft, propeller shaft)', 10173);
INSERT INTO public.car_part (part_id, name, price) VALUES (243, 'Shift cable', 2334);
INSERT INTO public.car_part (part_id, name, price) VALUES (244, 'Shift fork', 10281);
INSERT INTO public.car_part (part_id, name, price) VALUES (245, 'Shift knob', 10592);
INSERT INTO public.car_part (part_id, name, price) VALUES (246, 'Shift lever', 17419);
INSERT INTO public.car_part (part_id, name, price) VALUES (247, 'Slave cylinder', 11740);
INSERT INTO public.car_part (part_id, name, price) VALUES (248, 'Speed reducer', 12385);
INSERT INTO public.car_part (part_id, name, price) VALUES (249, 'Speedometer gear', 12102);
INSERT INTO public.car_part (part_id, name, price) VALUES (250, 'Steering gear', 1317);
INSERT INTO public.car_part (part_id, name, price) VALUES (251, 'Torque converter', 4798);
INSERT INTO public.car_part (part_id, name, price) VALUES (252, 'Trans-axle housing', 9581);
INSERT INTO public.car_part (part_id, name, price) VALUES (253, 'Transfer case', 2493);
INSERT INTO public.car_part (part_id, name, price) VALUES (254, 'Transmission gear', 7461);
INSERT INTO public.car_part (part_id, name, price) VALUES (255, 'Transmission pan', 16948);
INSERT INTO public.car_part (part_id, name, price) VALUES (256, 'Transmission seal and bonded piston', 10628);
INSERT INTO public.car_part (part_id, name, price) VALUES (257, 'Transmission spring', 9740);
INSERT INTO public.car_part (part_id, name, price) VALUES (258, 'Transmission yoke', 18995);
INSERT INTO public.car_part (part_id, name, price) VALUES (259, 'Universal joint (UJ, card-an joint)', 7843);
INSERT INTO public.car_part (part_id, name, price) VALUES (260, 'Bonnet/hood', 7040);
INSERT INTO public.car_part (part_id, name, price) VALUES (261, 'Bonnet/hood', 4762);
INSERT INTO public.car_part (part_id, name, price) VALUES (262, 'Bumper', 10108);
INSERT INTO public.car_part (part_id, name, price) VALUES (263, 'Unexposed bumper', 19192);
INSERT INTO public.car_part (part_id, name, price) VALUES (264, 'Exposed Bumper', 19640);
INSERT INTO public.car_part (part_id, name, price) VALUES (265, 'Cowl screen', 4754);
INSERT INTO public.car_part (part_id, name, price) VALUES (266, 'Decklid', 14848);
INSERT INTO public.car_part (part_id, name, price) VALUES (267, 'Fascia rear and support', 9662);
INSERT INTO public.car_part (part_id, name, price) VALUES (268, 'Fender (wing or mudguard)', 10123);
INSERT INTO public.car_part (part_id, name, price) VALUES (269, 'Front clip', 8801);
INSERT INTO public.car_part (part_id, name, price) VALUES (270, 'Front fascia and header panel', 16433);
INSERT INTO public.car_part (part_id, name, price) VALUES (271, 'Grille (also called grill)', 2775);
INSERT INTO public.car_part (part_id, name, price) VALUES (272, 'Pillar and hard trim', 298);
INSERT INTO public.car_part (part_id, name, price) VALUES (273, 'Quarter panel', 19334);
INSERT INTO public.car_provider (provider_id, company_name) VALUES (1, 'Rurk');
INSERT INTO public.car_provider (provider_id, company_name) VALUES (2, 'Alex');
INSERT INTO public.car_provider (provider_id, company_name) VALUES (3, 'Jhon');
INSERT INTO public.car_provider (provider_id, company_name) VALUES (4, 'Ann');
INSERT INTO public.car_provider (provider_id, company_name) VALUES (5, 'Jee');
INSERT INTO public.car_provider (provider_id, company_name) VALUES (6, 'Markus');
INSERT INTO public.car_provider (provider_id, company_name) VALUES (7, 'Marry');
INSERT INTO public.car_provider (provider_id, company_name) VALUES (8, 'Stas');
INSERT INTO public.car_provider (provider_id, company_name) VALUES (9, 'Li');
INSERT INTO public.car_provider (provider_id, company_name) VALUES (10, 'Subham');
INSERT INTO public.car_provider (provider_id, company_name) VALUES (11, 'Perry');
INSERT INTO public.car_provider (provider_id, company_name) VALUES (12, 'Harry');
INSERT INTO public.car_provider (provider_id, company_name) VALUES (13, 'Mia');
INSERT INTO public.car_provider (provider_id, company_name) VALUES (14, 'Slava');
INSERT INTO public.car_provider (provider_id, company_name) VALUES (15, 'Vova');
INSERT INTO public.car_provider (provider_id, company_name) VALUES (16, 'Vlad');
INSERT INTO public.car_provider (provider_id, company_name) VALUES (17, 'Olya');
INSERT INTO public.car_provider (provider_id, company_name) VALUES (18, 'Jija');
INSERT INTO public.charging (car_id, station_id, start_date, end_date, price) VALUES (36, 45, '2018-10-23 16:09:46.000000', '2018-10-23 19:29:24.000000', 57);
INSERT INTO public.charging (car_id, station_id, start_date, end_date, price) VALUES (60, 49, '2018-10-30 12:30:38.000000', '2018-10-30 15:05:14.000000', 206);
INSERT INTO public.charging (car_id, station_id, start_date, end_date, price) VALUES (46, 57, '2018-11-20 05:16:41.000000', '2018-11-20 07:52:13.000000', 116);
INSERT INTO public.charging (car_id, station_id, start_date, end_date, price) VALUES (48, 78, '2018-10-21 13:33:36.000000', '2018-10-21 17:47:19.000000', 47);
INSERT INTO public.charging (car_id, station_id, start_date, end_date, price) VALUES (12, 65, '2018-11-11 03:15:31.000000', '2018-11-11 08:48:03.000000', 35);
INSERT INTO public.charging (car_id, station_id, start_date, end_date, price) VALUES (67, 60, '2018-11-05 14:58:11.000000', '2018-11-05 20:25:33.000000', 57);
INSERT INTO public.charging (car_id, station_id, start_date, end_date, price) VALUES (77, 14, '2018-10-21 00:03:28.000000', '2018-10-21 03:43:58.000000', 44);
INSERT INTO public.charging (car_id, station_id, start_date, end_date, price) VALUES (61, 75, '2018-10-22 09:32:06.000000', '2018-10-22 14:24:37.000000', 170);
INSERT INTO public.charging (car_id, station_id, start_date, end_date, price) VALUES (19, 84, '2018-11-01 00:22:16.000000', '2018-11-01 05:03:36.000000', 168);
INSERT INTO public.charging (car_id, station_id, start_date, end_date, price) VALUES (24, 39, '2018-11-20 09:25:00.000000', '2018-11-20 13:00:20.000000', 212);
INSERT INTO public.charging (car_id, station_id, start_date, end_date, price) VALUES (49, 18, '2018-10-21 22:25:19.000000', '2018-10-21 23:46:01.000000', 174);
INSERT INTO public.charging (car_id, station_id, start_date, end_date, price) VALUES (73, 16, '2018-11-06 10:37:04.000000', '2018-11-06 14:23:56.000000', 236);
INSERT INTO public.charging (car_id, station_id, start_date, end_date, price) VALUES (84, 92, '2018-11-19 11:35:38.000000', '2018-11-19 15:26:19.000000', 214);
INSERT INTO public.charging (car_id, station_id, start_date, end_date, price) VALUES (78, 88, '2018-11-17 02:17:08.000000', '2018-11-17 03:48:32.000000', 36);
INSERT INTO public.charging (car_id, station_id, start_date, end_date, price) VALUES (26, 54, '2018-10-30 05:56:31.000000', '2018-10-30 08:44:20.000000', 238);
INSERT INTO public.charging (car_id, station_id, start_date, end_date, price) VALUES (25, 14, '2018-11-17 07:09:10.000000', '2018-11-17 08:52:51.000000', 59);
INSERT INTO public.charging (car_id, station_id, start_date, end_date, price) VALUES (13, 34, '2018-10-26 22:31:41.000000', '2018-10-27 02:40:50.000000', 70);
INSERT INTO public.charging (car_id, station_id, start_date, end_date, price) VALUES (53, 28, '2018-11-08 21:39:38.000000', '2018-11-08 23:17:45.000000', 67);
INSERT INTO public.charging (car_id, station_id, start_date, end_date, price) VALUES (82, 92, '2018-10-22 11:36:34.000000', '2018-10-22 13:39:23.000000', 60);
INSERT INTO public.charging (car_id, station_id, start_date, end_date, price) VALUES (83, 4, '2018-11-06 23:38:27.000000', '2018-11-07 04:52:02.000000', 138);
INSERT INTO public.charging (car_id, station_id, start_date, end_date, price) VALUES (49, 74, '2018-11-03 14:17:20.000000', '2018-11-03 19:04:35.000000', 45);
INSERT INTO public.charging (car_id, station_id, start_date, end_date, price) VALUES (36, 26, '2018-10-26 17:21:28.000000', '2018-10-26 19:46:48.000000', 44);
INSERT INTO public.charging (car_id, station_id, start_date, end_date, price) VALUES (11, 64, '2018-10-28 07:02:12.000000', '2018-10-28 12:05:58.000000', 118);
INSERT INTO public.charging (car_id, station_id, start_date, end_date, price) VALUES (70, 33, '2018-11-04 01:11:47.000000', '2018-11-04 05:38:19.000000', 117);
INSERT INTO public.charging (car_id, station_id, start_date, end_date, price) VALUES (9, 49, '2018-11-14 19:03:14.000000', '2018-11-14 19:32:01.000000', 128);
INSERT INTO public.charging (car_id, station_id, start_date, end_date, price) VALUES (6, 55, '2018-11-17 07:41:46.000000', '2018-11-17 08:48:17.000000', 29);
INSERT INTO public.charging (car_id, station_id, start_date, end_date, price) VALUES (78, 92, '2018-11-18 11:49:52.000000', '2018-11-18 14:44:43.000000', 243);
INSERT INTO public.charging (car_id, station_id, start_date, end_date, price) VALUES (16, 88, '2018-11-14 11:18:26.000000', '2018-11-14 13:05:17.000000', 104);
INSERT INTO public.charging (car_id, station_id, start_date, end_date, price) VALUES (67, 56, '2018-10-21 14:33:03.000000', '2018-10-21 15:54:39.000000', 63);
INSERT INTO public.charging (car_id, station_id, start_date, end_date, price) VALUES (6, 81, '2018-11-25 12:08:54.000000', '2018-11-25 14:23:49.000000', 225);
INSERT INTO public.charging (car_id, station_id, start_date, end_date, price) VALUES (87, 44, '2018-11-07 05:01:59.000000', '2018-11-07 09:01:31.000000', 73);
INSERT INTO public.charging (car_id, station_id, start_date, end_date, price) VALUES (97, 92, '2018-10-20 23:57:43.000000', '2018-10-21 05:02:46.000000', 212);
INSERT INTO public.charging (car_id, station_id, start_date, end_date, price) VALUES (23, 47, '2018-10-21 18:20:21.000000', '2018-10-21 22:50:57.000000', 106);
INSERT INTO public.charging (car_id, station_id, start_date, end_date, price) VALUES (89, 28, '2018-11-06 07:34:55.000000', '2018-11-06 10:47:14.000000', 33);
INSERT INTO public.charging (car_id, station_id, start_date, end_date, price) VALUES (96, 52, '2018-10-25 03:02:54.000000', '2018-10-25 07:17:14.000000', 107);
INSERT INTO public.charging (car_id, station_id, start_date, end_date, price) VALUES (49, 75, '2018-11-01 01:17:53.000000', '2018-11-01 05:36:30.000000', 45);
INSERT INTO public.charging (car_id, station_id, start_date, end_date, price) VALUES (6, 42, '2018-11-14 02:14:04.000000', '2018-11-14 05:58:39.000000', 182);
INSERT INTO public.charging (car_id, station_id, start_date, end_date, price) VALUES (26, 92, '2018-11-12 15:10:41.000000', '2018-11-12 19:20:40.000000', 190);
INSERT INTO public.charging (car_id, station_id, start_date, end_date, price) VALUES (90, 42, '2018-10-20 15:10:26.000000', '2018-10-20 18:10:58.000000', 100);
INSERT INTO public.charging (car_id, station_id, start_date, end_date, price) VALUES (20, 54, '2018-10-22 11:28:02.000000', '2018-10-22 14:51:40.000000', 35);
INSERT INTO public.charging (car_id, station_id, start_date, end_date, price) VALUES (50, 54, '2018-11-13 14:56:15.000000', '2018-11-13 19:12:06.000000', 144);
INSERT INTO public.charging (car_id, station_id, start_date, end_date, price) VALUES (48, 80, '2018-11-01 09:07:38.000000', '2018-11-01 10:54:56.000000', 48);
INSERT INTO public.charging (car_id, station_id, start_date, end_date, price) VALUES (44, 38, '2018-11-03 04:37:32.000000', '2018-11-03 06:47:31.000000', 197);
INSERT INTO public.charging (car_id, station_id, start_date, end_date, price) VALUES (72, 37, '2018-11-15 03:16:55.000000', '2018-11-15 04:47:14.000000', 153);
INSERT INTO public.charging (car_id, station_id, start_date, end_date, price) VALUES (64, 79, '2018-11-12 03:20:38.000000', '2018-11-12 04:43:46.000000', 198);
INSERT INTO public.charging (car_id, station_id, start_date, end_date, price) VALUES (2, 97, '2018-11-19 05:43:16.000000', '2018-11-19 08:48:58.000000', 243);
INSERT INTO public.charging (car_id, station_id, start_date, end_date, price) VALUES (3, 3, '2018-11-22 08:11:51.000000', '2018-11-22 11:33:30.000000', 175);
INSERT INTO public.charging (car_id, station_id, start_date, end_date, price) VALUES (100, 87, '2018-11-14 12:08:23.000000', '2018-11-14 15:28:12.000000', 140);
INSERT INTO public.charging (car_id, station_id, start_date, end_date, price) VALUES (44, 27, '2018-10-29 02:21:43.000000', '2018-10-29 05:07:04.000000', 183);
INSERT INTO public.charging (car_id, station_id, start_date, end_date, price) VALUES (61, 38, '2018-10-27 22:58:53.000000', '2018-10-28 01:31:23.000000', 235);
INSERT INTO public.charging (car_id, station_id, start_date, end_date, price) VALUES (68, 92, '2018-10-29 22:36:38.000000', '2018-10-29 23:46:11.000000', 138);
INSERT INTO public.charging (car_id, station_id, start_date, end_date, price) VALUES (26, 91, '2018-11-19 16:05:16.000000', '2018-11-19 20:47:28.000000', 24);
INSERT INTO public.charging (car_id, station_id, start_date, end_date, price) VALUES (37, 38, '2018-10-27 14:44:38.000000', '2018-10-27 17:58:56.000000', 171);
INSERT INTO public.charging (car_id, station_id, start_date, end_date, price) VALUES (100, 3, '2018-11-24 18:55:20.000000', '2018-11-24 22:21:51.000000', 60);
INSERT INTO public.charging (car_id, station_id, start_date, end_date, price) VALUES (61, 65, '2018-10-21 00:37:19.000000', '2018-10-21 02:33:58.000000', 123);
INSERT INTO public.charging (car_id, station_id, start_date, end_date, price) VALUES (14, 85, '2018-11-15 06:03:40.000000', '2018-11-15 06:57:43.000000', 210);
INSERT INTO public.charging (car_id, station_id, start_date, end_date, price) VALUES (17, 13, '2018-10-29 13:25:13.000000', '2018-10-29 15:23:58.000000', 153);
INSERT INTO public.charging (car_id, station_id, start_date, end_date, price) VALUES (28, 87, '2018-11-23 00:43:56.000000', '2018-11-23 02:30:31.000000', 96);
INSERT INTO public.charging (car_id, station_id, start_date, end_date, price) VALUES (100, 73, '2018-11-24 15:56:57.000000', '2018-11-24 16:54:05.000000', 37);
INSERT INTO public.charging (car_id, station_id, start_date, end_date, price) VALUES (43, 22, '2018-11-24 13:41:35.000000', '2018-11-24 16:20:04.000000', 240);
INSERT INTO public.charging (car_id, station_id, start_date, end_date, price) VALUES (79, 22, '2018-11-25 09:19:21.000000', '2018-11-25 11:30:50.000000', 235);
INSERT INTO public.charging (car_id, station_id, start_date, end_date, price) VALUES (56, 95, '2018-11-02 16:24:59.000000', '2018-11-02 18:44:43.000000', 149);
INSERT INTO public.charging (car_id, station_id, start_date, end_date, price) VALUES (54, 91, '2018-11-13 06:58:35.000000', '2018-11-13 07:22:54.000000', 177);
INSERT INTO public.charging (car_id, station_id, start_date, end_date, price) VALUES (20, 53, '2018-11-14 08:39:17.000000', '2018-11-14 12:36:42.000000', 66);
INSERT INTO public.charging (car_id, station_id, start_date, end_date, price) VALUES (47, 1, '2018-11-07 20:37:38.000000', '2018-11-07 21:26:52.000000', 225);
INSERT INTO public.charging (car_id, station_id, start_date, end_date, price) VALUES (86, 8, '2018-11-15 23:39:48.000000', '2018-11-16 04:33:44.000000', 231);
INSERT INTO public.charging (car_id, station_id, start_date, end_date, price) VALUES (18, 82, '2018-11-17 10:52:00.000000', '2018-11-17 16:10:47.000000', 233);
INSERT INTO public.charging (car_id, station_id, start_date, end_date, price) VALUES (37, 81, '2018-11-22 03:54:41.000000', '2018-11-22 06:01:09.000000', 63);
INSERT INTO public.charging (car_id, station_id, start_date, end_date, price) VALUES (51, 10, '2018-11-06 13:27:29.000000', '2018-11-06 18:52:57.000000', 225);
INSERT INTO public.charging (car_id, station_id, start_date, end_date, price) VALUES (100, 99, '2018-10-23 22:09:48.000000', '2018-10-24 03:09:40.000000', 35);
INSERT INTO public.charging (car_id, station_id, start_date, end_date, price) VALUES (63, 92, '2018-11-03 16:02:19.000000', '2018-11-03 20:38:44.000000', 123);
INSERT INTO public.charging (car_id, station_id, start_date, end_date, price) VALUES (56, 49, '2018-10-28 19:52:17.000000', '2018-10-28 23:52:04.000000', 181);
INSERT INTO public.charging (car_id, station_id, start_date, end_date, price) VALUES (50, 52, '2018-10-24 20:00:40.000000', '2018-10-24 22:15:58.000000', 26);
INSERT INTO public.charging (car_id, station_id, start_date, end_date, price) VALUES (45, 89, '2018-11-21 12:36:52.000000', '2018-11-21 17:37:11.000000', 231);
INSERT INTO public.charging (car_id, station_id, start_date, end_date, price) VALUES (21, 21, '2018-10-21 03:15:48.000000', '2018-10-21 07:55:03.000000', 17);
INSERT INTO public.charging (car_id, station_id, start_date, end_date, price) VALUES (21, 19, '2018-11-13 06:46:27.000000', '2018-11-13 08:01:32.000000', 58);
INSERT INTO public.charging (car_id, station_id, start_date, end_date, price) VALUES (49, 85, '2018-11-23 02:19:15.000000', '2018-11-23 05:01:20.000000', 53);
INSERT INTO public.charging (car_id, station_id, start_date, end_date, price) VALUES (62, 49, '2018-11-17 15:34:48.000000', '2018-11-17 19:57:35.000000', 139);
INSERT INTO public.charging (car_id, station_id, start_date, end_date, price) VALUES (2, 5, '2018-11-10 19:35:18.000000', '2018-11-11 00:55:05.000000', 54);
INSERT INTO public.charging (car_id, station_id, start_date, end_date, price) VALUES (3, 4, '2018-11-24 14:55:22.000000', '2018-11-24 15:23:42.000000', 211);
INSERT INTO public.charging (car_id, station_id, start_date, end_date, price) VALUES (23, 69, '2018-11-02 04:28:49.000000', '2018-11-02 07:41:44.000000', 87);
INSERT INTO public.charging (car_id, station_id, start_date, end_date, price) VALUES (70, 20, '2018-10-22 20:06:48.000000', '2018-10-22 22:06:15.000000', 112);
INSERT INTO public.charging (car_id, station_id, start_date, end_date, price) VALUES (32, 55, '2018-10-26 09:39:18.000000', '2018-10-26 15:00:21.000000', 139);
INSERT INTO public.charging (car_id, station_id, start_date, end_date, price) VALUES (89, 13, '2018-11-24 15:31:01.000000', '2018-11-24 19:33:54.000000', 53);
INSERT INTO public.charging (car_id, station_id, start_date, end_date, price) VALUES (22, 89, '2018-11-18 04:42:35.000000', '2018-11-18 09:18:58.000000', 184);
INSERT INTO public.charging (car_id, station_id, start_date, end_date, price) VALUES (90, 9, '2018-10-26 04:38:01.000000', '2018-10-26 08:33:10.000000', 23);
INSERT INTO public.charging (car_id, station_id, start_date, end_date, price) VALUES (26, 91, '2018-11-25 06:42:56.000000', '2018-11-25 10:11:33.000000', 72);
INSERT INTO public.charging (car_id, station_id, start_date, end_date, price) VALUES (76, 75, '2018-10-28 07:00:57.000000', '2018-10-28 08:32:22.000000', 130);
INSERT INTO public.charging (car_id, station_id, start_date, end_date, price) VALUES (46, 85, '2018-11-15 23:45:29.000000', '2018-11-16 02:18:25.000000', 179);
INSERT INTO public.charging (car_id, station_id, start_date, end_date, price) VALUES (59, 17, '2018-11-19 08:00:01.000000', '2018-11-19 09:51:22.000000', 40);
INSERT INTO public.charging (car_id, station_id, start_date, end_date, price) VALUES (70, 3, '2018-11-17 01:10:00.000000', '2018-11-17 03:17:24.000000', 80);
INSERT INTO public.charging (car_id, station_id, start_date, end_date, price) VALUES (46, 68, '2018-10-24 14:44:33.000000', '2018-10-24 17:24:44.000000', 222);
INSERT INTO public.charging (car_id, station_id, start_date, end_date, price) VALUES (65, 79, '2018-11-18 04:39:26.000000', '2018-11-18 08:36:07.000000', 228);
INSERT INTO public.charging (car_id, station_id, start_date, end_date, price) VALUES (27, 46, '2018-11-05 13:04:33.000000', '2018-11-05 13:35:17.000000', 45);
INSERT INTO public.charging (car_id, station_id, start_date, end_date, price) VALUES (52, 62, '2018-11-19 19:30:46.000000', '2018-11-19 20:35:29.000000', 88);
INSERT INTO public.charging (car_id, station_id, start_date, end_date, price) VALUES (57, 43, '2018-11-14 18:19:04.000000', '2018-11-14 18:36:04.000000', 79);
INSERT INTO public.charging (car_id, station_id, start_date, end_date, price) VALUES (75, 68, '2018-11-10 04:40:55.000000', '2018-11-10 09:11:02.000000', 179);
INSERT INTO public.charging (car_id, station_id, start_date, end_date, price) VALUES (37, 51, '2018-10-24 19:54:34.000000', '2018-10-24 21:48:10.000000', 171);
INSERT INTO public.charging (car_id, station_id, start_date, end_date, price) VALUES (20, 20, '2018-11-12 04:22:17.000000', '2018-11-12 06:28:53.000000', 550);
INSERT INTO public.charging (car_id, station_id, start_date, end_date, price) VALUES (99, 17, '2018-10-29 09:21:39.000000', '2018-10-29 09:42:21.000000', 30000);
INSERT INTO public.charging_station (station_id, available_sockets, maximum_sockets, location_id) VALUES (1, 8, 8, 55);
INSERT INTO public.charging_station (station_id, available_sockets, maximum_sockets, location_id) VALUES (2, 6, 6, 39);
INSERT INTO public.charging_station (station_id, available_sockets, maximum_sockets, location_id) VALUES (3, 7, 7, 40);
INSERT INTO public.charging_station (station_id, available_sockets, maximum_sockets, location_id) VALUES (4, 6, 6, 57);
INSERT INTO public.charging_station (station_id, available_sockets, maximum_sockets, location_id) VALUES (5, 5, 5, 88);
INSERT INTO public.charging_station (station_id, available_sockets, maximum_sockets, location_id) VALUES (6, 10, 10, 80);
INSERT INTO public.charging_station (station_id, available_sockets, maximum_sockets, location_id) VALUES (7, 8, 8, 14);
INSERT INTO public.charging_station (station_id, available_sockets, maximum_sockets, location_id) VALUES (8, 6, 6, 73);
INSERT INTO public.charging_station (station_id, available_sockets, maximum_sockets, location_id) VALUES (9, 7, 7, 76);
INSERT INTO public.charging_station (station_id, available_sockets, maximum_sockets, location_id) VALUES (10, 10, 10, 56);
INSERT INTO public.charging_station (station_id, available_sockets, maximum_sockets, location_id) VALUES (11, 9, 9, 12);
INSERT INTO public.charging_station (station_id, available_sockets, maximum_sockets, location_id) VALUES (12, 6, 6, 77);
INSERT INTO public.charging_station (station_id, available_sockets, maximum_sockets, location_id) VALUES (13, 8, 8, 45);
INSERT INTO public.charging_station (station_id, available_sockets, maximum_sockets, location_id) VALUES (14, 10, 10, 57);
INSERT INTO public.charging_station (station_id, available_sockets, maximum_sockets, location_id) VALUES (15, 6, 6, 25);
INSERT INTO public.charging_station (station_id, available_sockets, maximum_sockets, location_id) VALUES (16, 7, 7, 47);
INSERT INTO public.charging_station (station_id, available_sockets, maximum_sockets, location_id) VALUES (17, 9, 9, 18);
INSERT INTO public.charging_station (station_id, available_sockets, maximum_sockets, location_id) VALUES (18, 7, 7, 41);
INSERT INTO public.charging_station (station_id, available_sockets, maximum_sockets, location_id) VALUES (19, 8, 8, 76);
INSERT INTO public.charging_station (station_id, available_sockets, maximum_sockets, location_id) VALUES (20, 10, 10, 28);
INSERT INTO public.charging_station (station_id, available_sockets, maximum_sockets, location_id) VALUES (21, 8, 8, 34);
INSERT INTO public.charging_station (station_id, available_sockets, maximum_sockets, location_id) VALUES (22, 8, 8, 49);
INSERT INTO public.charging_station (station_id, available_sockets, maximum_sockets, location_id) VALUES (23, 5, 5, 56);
INSERT INTO public.charging_station (station_id, available_sockets, maximum_sockets, location_id) VALUES (24, 5, 5, 72);
INSERT INTO public.charging_station (station_id, available_sockets, maximum_sockets, location_id) VALUES (25, 6, 6, 55);
INSERT INTO public.charging_station (station_id, available_sockets, maximum_sockets, location_id) VALUES (26, 7, 7, 68);
INSERT INTO public.charging_station (station_id, available_sockets, maximum_sockets, location_id) VALUES (27, 6, 6, 34);
INSERT INTO public.charging_station (station_id, available_sockets, maximum_sockets, location_id) VALUES (28, 10, 10, 74);
INSERT INTO public.charging_station (station_id, available_sockets, maximum_sockets, location_id) VALUES (29, 6, 6, 74);
INSERT INTO public.charging_station (station_id, available_sockets, maximum_sockets, location_id) VALUES (30, 10, 10, 50);
INSERT INTO public.charging_station (station_id, available_sockets, maximum_sockets, location_id) VALUES (31, 7, 7, 41);
INSERT INTO public.charging_station (station_id, available_sockets, maximum_sockets, location_id) VALUES (32, 9, 9, 41);
INSERT INTO public.charging_station (station_id, available_sockets, maximum_sockets, location_id) VALUES (33, 6, 6, 98);
INSERT INTO public.charging_station (station_id, available_sockets, maximum_sockets, location_id) VALUES (34, 7, 7, 26);
INSERT INTO public.charging_station (station_id, available_sockets, maximum_sockets, location_id) VALUES (35, 10, 10, 52);
INSERT INTO public.charging_station (station_id, available_sockets, maximum_sockets, location_id) VALUES (36, 5, 5, 94);
INSERT INTO public.charging_station (station_id, available_sockets, maximum_sockets, location_id) VALUES (37, 7, 7, 61);
INSERT INTO public.charging_station (station_id, available_sockets, maximum_sockets, location_id) VALUES (38, 5, 5, 44);
INSERT INTO public.charging_station (station_id, available_sockets, maximum_sockets, location_id) VALUES (39, 9, 9, 46);
INSERT INTO public.charging_station (station_id, available_sockets, maximum_sockets, location_id) VALUES (40, 9, 9, 43);
INSERT INTO public.charging_station (station_id, available_sockets, maximum_sockets, location_id) VALUES (41, 5, 5, 13);
INSERT INTO public.charging_station (station_id, available_sockets, maximum_sockets, location_id) VALUES (42, 5, 5, 56);
INSERT INTO public.charging_station (station_id, available_sockets, maximum_sockets, location_id) VALUES (43, 6, 6, 16);
INSERT INTO public.charging_station (station_id, available_sockets, maximum_sockets, location_id) VALUES (44, 7, 7, 80);
INSERT INTO public.charging_station (station_id, available_sockets, maximum_sockets, location_id) VALUES (45, 6, 6, 4);
INSERT INTO public.charging_station (station_id, available_sockets, maximum_sockets, location_id) VALUES (46, 10, 10, 11);
INSERT INTO public.charging_station (station_id, available_sockets, maximum_sockets, location_id) VALUES (47, 6, 6, 45);
INSERT INTO public.charging_station (station_id, available_sockets, maximum_sockets, location_id) VALUES (48, 9, 9, 67);
INSERT INTO public.charging_station (station_id, available_sockets, maximum_sockets, location_id) VALUES (49, 9, 9, 82);
INSERT INTO public.charging_station (station_id, available_sockets, maximum_sockets, location_id) VALUES (50, 6, 6, 19);
INSERT INTO public.charging_station (station_id, available_sockets, maximum_sockets, location_id) VALUES (51, 5, 5, 26);
INSERT INTO public.charging_station (station_id, available_sockets, maximum_sockets, location_id) VALUES (52, 7, 7, 100);
INSERT INTO public.charging_station (station_id, available_sockets, maximum_sockets, location_id) VALUES (53, 9, 9, 48);
INSERT INTO public.charging_station (station_id, available_sockets, maximum_sockets, location_id) VALUES (54, 5, 5, 73);
INSERT INTO public.charging_station (station_id, available_sockets, maximum_sockets, location_id) VALUES (55, 9, 9, 88);
INSERT INTO public.charging_station (station_id, available_sockets, maximum_sockets, location_id) VALUES (56, 6, 6, 94);
INSERT INTO public.charging_station (station_id, available_sockets, maximum_sockets, location_id) VALUES (57, 6, 6, 8);
INSERT INTO public.charging_station (station_id, available_sockets, maximum_sockets, location_id) VALUES (58, 5, 5, 81);
INSERT INTO public.charging_station (station_id, available_sockets, maximum_sockets, location_id) VALUES (59, 5, 5, 85);
INSERT INTO public.charging_station (station_id, available_sockets, maximum_sockets, location_id) VALUES (60, 5, 5, 30);
INSERT INTO public.charging_station (station_id, available_sockets, maximum_sockets, location_id) VALUES (61, 10, 10, 48);
INSERT INTO public.charging_station (station_id, available_sockets, maximum_sockets, location_id) VALUES (62, 9, 9, 60);
INSERT INTO public.charging_station (station_id, available_sockets, maximum_sockets, location_id) VALUES (63, 6, 6, 46);
INSERT INTO public.charging_station (station_id, available_sockets, maximum_sockets, location_id) VALUES (64, 10, 10, 46);
INSERT INTO public.charging_station (station_id, available_sockets, maximum_sockets, location_id) VALUES (65, 9, 9, 42);
INSERT INTO public.charging_station (station_id, available_sockets, maximum_sockets, location_id) VALUES (66, 10, 10, 15);
INSERT INTO public.charging_station (station_id, available_sockets, maximum_sockets, location_id) VALUES (67, 10, 10, 63);
INSERT INTO public.charging_station (station_id, available_sockets, maximum_sockets, location_id) VALUES (68, 8, 8, 67);
INSERT INTO public.charging_station (station_id, available_sockets, maximum_sockets, location_id) VALUES (69, 8, 8, 33);
INSERT INTO public.charging_station (station_id, available_sockets, maximum_sockets, location_id) VALUES (70, 10, 10, 94);
INSERT INTO public.charging_station (station_id, available_sockets, maximum_sockets, location_id) VALUES (71, 5, 5, 32);
INSERT INTO public.charging_station (station_id, available_sockets, maximum_sockets, location_id) VALUES (72, 8, 8, 82);
INSERT INTO public.charging_station (station_id, available_sockets, maximum_sockets, location_id) VALUES (73, 6, 6, 34);
INSERT INTO public.charging_station (station_id, available_sockets, maximum_sockets, location_id) VALUES (74, 5, 5, 50);
INSERT INTO public.charging_station (station_id, available_sockets, maximum_sockets, location_id) VALUES (75, 5, 5, 61);
INSERT INTO public.charging_station (station_id, available_sockets, maximum_sockets, location_id) VALUES (76, 5, 5, 4);
INSERT INTO public.charging_station (station_id, available_sockets, maximum_sockets, location_id) VALUES (77, 9, 9, 97);
INSERT INTO public.charging_station (station_id, available_sockets, maximum_sockets, location_id) VALUES (78, 6, 6, 73);
INSERT INTO public.charging_station (station_id, available_sockets, maximum_sockets, location_id) VALUES (79, 10, 10, 44);
INSERT INTO public.charging_station (station_id, available_sockets, maximum_sockets, location_id) VALUES (80, 6, 6, 68);
INSERT INTO public.charging_station (station_id, available_sockets, maximum_sockets, location_id) VALUES (81, 10, 10, 58);
INSERT INTO public.charging_station (station_id, available_sockets, maximum_sockets, location_id) VALUES (82, 8, 8, 93);
INSERT INTO public.charging_station (station_id, available_sockets, maximum_sockets, location_id) VALUES (83, 8, 8, 48);
INSERT INTO public.charging_station (station_id, available_sockets, maximum_sockets, location_id) VALUES (84, 10, 10, 98);
INSERT INTO public.charging_station (station_id, available_sockets, maximum_sockets, location_id) VALUES (85, 5, 5, 27);
INSERT INTO public.charging_station (station_id, available_sockets, maximum_sockets, location_id) VALUES (86, 9, 9, 92);
INSERT INTO public.charging_station (station_id, available_sockets, maximum_sockets, location_id) VALUES (87, 9, 9, 83);
INSERT INTO public.charging_station (station_id, available_sockets, maximum_sockets, location_id) VALUES (88, 10, 10, 87);
INSERT INTO public.charging_station (station_id, available_sockets, maximum_sockets, location_id) VALUES (89, 9, 9, 93);
INSERT INTO public.charging_station (station_id, available_sockets, maximum_sockets, location_id) VALUES (90, 8, 8, 53);
INSERT INTO public.charging_station (station_id, available_sockets, maximum_sockets, location_id) VALUES (91, 7, 7, 54);
INSERT INTO public.charging_station (station_id, available_sockets, maximum_sockets, location_id) VALUES (92, 8, 8, 51);
INSERT INTO public.charging_station (station_id, available_sockets, maximum_sockets, location_id) VALUES (93, 9, 9, 47);
INSERT INTO public.charging_station (station_id, available_sockets, maximum_sockets, location_id) VALUES (94, 8, 8, 87);
INSERT INTO public.charging_station (station_id, available_sockets, maximum_sockets, location_id) VALUES (95, 8, 8, 20);
INSERT INTO public.charging_station (station_id, available_sockets, maximum_sockets, location_id) VALUES (96, 8, 8, 45);
INSERT INTO public.charging_station (station_id, available_sockets, maximum_sockets, location_id) VALUES (97, 5, 5, 28);
INSERT INTO public.charging_station (station_id, available_sockets, maximum_sockets, location_id) VALUES (98, 9, 9, 50);
INSERT INTO public.charging_station (station_id, available_sockets, maximum_sockets, location_id) VALUES (99, 10, 10, 20);
INSERT INTO public.charging_station (station_id, available_sockets, maximum_sockets, location_id) VALUES (100, 8, 8, 96);
INSERT INTO public.customer (username, email, name, surname, phone, location_id) VALUES ('14RurkRWTJ', '628Rurk73@gmail.com', 'Rurk', 'RCS', '+39758540', 1);
INSERT INTO public.customer (username, email, name, surname, phone, location_id) VALUES ('14JhonEMJI', '57Jhon563@gmail.com', 'Jhon', 'FZV', '+11505604', 1);
INSERT INTO public.customer (username, email, name, surname, phone, location_id) VALUES ('98SlavaITCE', '817Slava148@gmail.com', 'Slava', 'RKA', '+45731758', 1);
INSERT INTO public.customer (username, email, name, surname, phone, location_id) VALUES ('59RurkYBIR', '121Rurk472@gmail.com', 'Rurk', 'BUM', '+37595294', 1);
INSERT INTO public.customer (username, email, name, surname, phone, location_id) VALUES ('91RurkRJWF', '379Rurk1@gmail.com', 'Rurk', 'XXA', '+87434384', 1);
INSERT INTO public.customer (username, email, name, surname, phone, location_id) VALUES ('61PerryENEF', '110Perry576@gmail.com', 'Perry', 'TEE', '+53932395', 1);
INSERT INTO public.customer (username, email, name, surname, phone, location_id) VALUES ('99MarkusALRS', '109Markus685@gmail.com', 'Markus', 'TMN', '+33160868', 1);
INSERT INTO public.customer (username, email, name, surname, phone, location_id) VALUES ('85VovaKYOC', '550Vova798@gmail.com', 'Vova', 'VAN', '+18770515', 1);
INSERT INTO public.customer (username, email, name, surname, phone, location_id) VALUES ('92MarryDEGD', '331Marry25@gmail.com', 'Marry', 'JSG', '+77908723', 1);
INSERT INTO public.customer (username, email, name, surname, phone, location_id) VALUES ('53OlyaLMZY', '980Olya526@gmail.com', 'Olya', 'AGW', '+39612229', 1);
INSERT INTO public.customer (username, email, name, surname, phone, location_id) VALUES ('63SlavaNPUP', '230Slava727@gmail.com', 'Slava', 'XKK', '+85801732', 1);
INSERT INTO public.customer (username, email, name, surname, phone, location_id) VALUES ('64MarkusJQEV', '526Markus133@gmail.com', 'Markus', 'THL', '+72388602', 1);
INSERT INTO public.customer (username, email, name, surname, phone, location_id) VALUES ('78OlyaOLMQ', '270Olya695@gmail.com', 'Olya', 'DFZ', '+50036262', 1);
INSERT INTO public.customer (username, email, name, surname, phone, location_id) VALUES ('27VladVPIX', '823Vlad300@gmail.com', 'Vlad', 'FKM', '+64823911', 1);
INSERT INTO public.customer (username, email, name, surname, phone, location_id) VALUES ('93VovaJKXO', '837Vova266@gmail.com', 'Vova', 'AJM', '+79967198', 1);
INSERT INTO public.customer (username, email, name, surname, phone, location_id) VALUES ('62VladHVEY', '658Vlad525@gmail.com', 'Vlad', 'OKH', '+58623297', 1);
INSERT INTO public.customer (username, email, name, surname, phone, location_id) VALUES ('59SubhamWPAL', '376Subham745@gmail.com', 'Subham', 'FLL', '+73928372', 1);
INSERT INTO public.customer (username, email, name, surname, phone, location_id) VALUES ('58AlexXWOV', '665Alex857@gmail.com', 'Alex', 'FXX', '+54796672', 1);
INSERT INTO public.customer (username, email, name, surname, phone, location_id) VALUES ('3SlavaPIZH', '99Slava526@gmail.com', 'Slava', 'FYN', '+90396776', 1);
INSERT INTO public.customer (username, email, name, surname, phone, location_id) VALUES ('83StasYHFT', '65Stas215@gmail.com', 'Stas', 'MOV', '+30914495', 1);
INSERT INTO public.customer (username, email, name, surname, phone, location_id) VALUES ('74VovaILGF', '879Vova812@gmail.com', 'Vova', 'GKV', '+19004740', 1);
INSERT INTO public.customer (username, email, name, surname, phone, location_id) VALUES ('77LiAIMJ', '104Li200@gmail.com', 'Li', 'BJR', '+17315718', 1);
INSERT INTO public.customer (username, email, name, surname, phone, location_id) VALUES ('16JeeVAKJ', '166Jee985@gmail.com', 'Jee', 'QHA', '+82483948', 1);
INSERT INTO public.customer (username, email, name, surname, phone, location_id) VALUES ('50JijaWCJO', '671Jija237@gmail.com', 'Jija', 'DEO', '+13675454', 1);
INSERT INTO public.customer (username, email, name, surname, phone, location_id) VALUES ('73LiFMYN', '780Li26@gmail.com', 'Li', 'DRC', '+27288681', 1);
INSERT INTO public.customer (username, email, name, surname, phone, location_id) VALUES ('7JeeUXFD', '971Jee899@gmail.com', 'Jee', 'LTI', '+10248519', 1);
INSERT INTO public.customer (username, email, name, surname, phone, location_id) VALUES ('99HarryGNUW', '81Harry242@gmail.com', 'Harry', 'GGL', '+33668768', 1);
INSERT INTO public.customer (username, email, name, surname, phone, location_id) VALUES ('89JhonZTUA', '744Jhon136@gmail.com', 'Jhon', 'PQT', '+98121984', 1);
INSERT INTO public.customer (username, email, name, surname, phone, location_id) VALUES ('47VovaCLYD', '705Vova342@gmail.com', 'Vova', 'PDM', '+58251289', 1);
INSERT INTO public.customer (username, email, name, surname, phone, location_id) VALUES ('61MarkusOYIG', '493Markus460@gmail.com', 'Markus', 'DIO', '+20282912', 1);
INSERT INTO public.customer (username, email, name, surname, phone, location_id) VALUES ('16AnnZGTM', '474Ann490@gmail.com', 'Ann', 'GQN', '+82256542', 1);
INSERT INTO public.customer (username, email, name, surname, phone, location_id) VALUES ('15LiPYSF', '730Li627@gmail.com', 'Li', 'KYV', '+70313766', 1);
INSERT INTO public.customer (username, email, name, surname, phone, location_id) VALUES ('27SlavaIDDJ', '787Slava892@gmail.com', 'Slava', 'VOK', '+83179914', 1);
INSERT INTO public.customer (username, email, name, surname, phone, location_id) VALUES ('28AnnCNXB', '411Ann273@gmail.com', 'Ann', 'SGU', '+69580346', 1);
INSERT INTO public.customer (username, email, name, surname, phone, location_id) VALUES ('34AlexKUVB', '506Alex106@gmail.com', 'Alex', 'VWI', '+50214001', 1);
INSERT INTO public.customer (username, email, name, surname, phone, location_id) VALUES ('31VladRJLJ', '11Vlad88@gmail.com', 'Vlad', 'APT', '+61781562', 1);
INSERT INTO public.customer (username, email, name, surname, phone, location_id) VALUES ('32AlexFWIA', '930Alex729@gmail.com', 'Alex', 'HQC', '+62256456', 1);
INSERT INTO public.customer (username, email, name, surname, phone, location_id) VALUES ('21MarryVCYM', '259Marry17@gmail.com', 'Marry', 'HYY', '+10561604', 1);
INSERT INTO public.customer (username, email, name, surname, phone, location_id) VALUES ('87SlavaWDMZ', '73Slava880@gmail.com', 'Slava', 'VRF', '+24217216', 1);
INSERT INTO public.customer (username, email, name, surname, phone, location_id) VALUES ('31SubhamECZG', '467Subham513@gmail.com', 'Subham', 'ECQ', '+23841139', 1);
INSERT INTO public.customer (username, email, name, surname, phone, location_id) VALUES ('79StasDDBM', '484Stas679@gmail.com', 'Stas', 'QCI', '+22679207', 1);
INSERT INTO public.customer (username, email, name, surname, phone, location_id) VALUES ('49MarryFZJS', '753Marry247@gmail.com', 'Marry', 'UTR', '+50200958', 1);
INSERT INTO public.customer (username, email, name, surname, phone, location_id) VALUES ('54MarryMMJS', '247Marry790@gmail.com', 'Marry', 'ZAL', '+45387409', 1);
INSERT INTO public.customer (username, email, name, surname, phone, location_id) VALUES ('11HarryBENM', '215Harry976@gmail.com', 'Harry', 'KKT', '+45417914', 1);
INSERT INTO public.customer (username, email, name, surname, phone, location_id) VALUES ('86RurkBOMA', '805Rurk199@gmail.com', 'Rurk', 'KQY', '+47910253', 1);
INSERT INTO public.customer (username, email, name, surname, phone, location_id) VALUES ('22HarryPRGA', '268Harry689@gmail.com', 'Harry', 'LZN', '+81108980', 1);
INSERT INTO public.customer (username, email, name, surname, phone, location_id) VALUES ('21JeeJZJI', '48Jee978@gmail.com', 'Jee', 'ZLW', '+12825745', 1);
INSERT INTO public.customer (username, email, name, surname, phone, location_id) VALUES ('10RurkBXKU', '294Rurk393@gmail.com', 'Rurk', 'QJJ', '+39629728', 1);
INSERT INTO public.customer (username, email, name, surname, phone, location_id) VALUES ('20VovaCXPH', '227Vova303@gmail.com', 'Vova', 'IOG', '+45271711', 1);
INSERT INTO public.customer (username, email, name, surname, phone, location_id) VALUES ('28VladSFIT', '535Vlad422@gmail.com', 'Vlad', 'YWK', '+29700286', 1);
INSERT INTO public.customer (username, email, name, surname, phone, location_id) VALUES ('76OlyaTLNZ', '596Olya872@gmail.com', 'Olya', 'LQM', '+64067099', 1);
INSERT INTO public.customer (username, email, name, surname, phone, location_id) VALUES ('24JeeTYKH', '890Jee985@gmail.com', 'Jee', 'VGN', '+47185860', 1);
INSERT INTO public.customer (username, email, name, surname, phone, location_id) VALUES ('55PerryNIFE', '960Perry913@gmail.com', 'Perry', 'DBA', '+80931774', 1);
INSERT INTO public.customer (username, email, name, surname, phone, location_id) VALUES ('19MarkusDJRD', '184Markus375@gmail.com', 'Markus', 'KHR', '+95730304', 1);
INSERT INTO public.customer (username, email, name, surname, phone, location_id) VALUES ('28MiaCAOO', '267Mia308@gmail.com', 'Mia', 'PNI', '+79944608', 1);
INSERT INTO public.customer (username, email, name, surname, phone, location_id) VALUES ('6SubhamMHIP', '956Subham597@gmail.com', 'Subham', 'ALQ', '+86268215', 1);
INSERT INTO public.customer (username, email, name, surname, phone, location_id) VALUES ('72HarryJAJU', '436Harry999@gmail.com', 'Harry', 'KLM', '+59430249', 1);
INSERT INTO public.customer (username, email, name, surname, phone, location_id) VALUES ('20SubhamTOWW', '714Subham535@gmail.com', 'Subham', 'BTM', '+97510555', 1);
INSERT INTO public.customer (username, email, name, surname, phone, location_id) VALUES ('82HarryWIWI', '211Harry420@gmail.com', 'Harry', 'XDZ', '+49651232', 1);
INSERT INTO public.customer (username, email, name, surname, phone, location_id) VALUES ('77MarryCOLQ', '823Marry166@gmail.com', 'Marry', 'CSC', '+26358712', 1);
INSERT INTO public.customer (username, email, name, surname, phone, location_id) VALUES ('96MiaFWYG', '691Mia923@gmail.com', 'Mia', 'KEC', '+91735230', 1);
INSERT INTO public.customer (username, email, name, surname, phone, location_id) VALUES ('74LiHKAH', '192Li664@gmail.com', 'Li', 'VNN', '+60331862', 1);
INSERT INTO public.customer (username, email, name, surname, phone, location_id) VALUES ('8VladGBQC', '889Vlad828@gmail.com', 'Vlad', 'LCL', '+99379032', 1);
INSERT INTO public.customer (username, email, name, surname, phone, location_id) VALUES ('7LiHMEE', '294Li850@gmail.com', 'Li', 'KWV', '+35706568', 1);
INSERT INTO public.customer (username, email, name, surname, phone, location_id) VALUES ('78VladACAD', '171Vlad98@gmail.com', 'Vlad', 'WDK', '+96632779', 1);
INSERT INTO public.customer (username, email, name, surname, phone, location_id) VALUES ('88RurkBCWF', '730Rurk355@gmail.com', 'Rurk', 'HHQ', '+20915490', 1);
INSERT INTO public.customer (username, email, name, surname, phone, location_id) VALUES ('30SlavaIMLI', '556Slava29@gmail.com', 'Slava', 'CMI', '+58033523', 1);
INSERT INTO public.customer (username, email, name, surname, phone, location_id) VALUES ('0RurkSCUN', '789Rurk445@gmail.com', 'Rurk', 'ZQN', '+82887061', 1);
INSERT INTO public.customer (username, email, name, surname, phone, location_id) VALUES ('18MiaBGTT', '312Mia115@gmail.com', 'Mia', 'XDZ', '+25451343', 1);
INSERT INTO public.customer (username, email, name, surname, phone, location_id) VALUES ('78VovaQXQU', '875Vova355@gmail.com', 'Vova', 'SDC', '+89400288', 1);
INSERT INTO public.customer (username, email, name, surname, phone, location_id) VALUES ('39JhonHHIH', '143Jhon950@gmail.com', 'Jhon', 'HMJ', '+88727888', 1);
INSERT INTO public.customer (username, email, name, surname, phone, location_id) VALUES ('44AlexSHKH', '764Alex736@gmail.com', 'Alex', 'HRE', '+60757827', 1);
INSERT INTO public.customer (username, email, name, surname, phone, location_id) VALUES ('20VovaWTCM', '185Vova910@gmail.com', 'Vova', 'DIY', '+91393044', 1);
INSERT INTO public.customer (username, email, name, surname, phone, location_id) VALUES ('18HarryZMJB', '955Harry717@gmail.com', 'Harry', 'VMI', '+37998845', 1);
INSERT INTO public.customer (username, email, name, surname, phone, location_id) VALUES ('6VladUJVU', '324Vlad172@gmail.com', 'Vlad', 'OLC', '+56453052', 1);
INSERT INTO public.customer (username, email, name, surname, phone, location_id) VALUES ('58OlyaELSL', '211Olya542@gmail.com', 'Olya', 'CKU', '+17315788', 1);
INSERT INTO public.customer (username, email, name, surname, phone, location_id) VALUES ('56AnnTQHG', '49Ann792@gmail.com', 'Ann', 'DKN', '+41247986', 1);
INSERT INTO public.customer (username, email, name, surname, phone, location_id) VALUES ('14JeeDCEP', '47Jee790@gmail.com', 'Jee', 'TLI', '+46250964', 1);
INSERT INTO public.customer (username, email, name, surname, phone, location_id) VALUES ('65MiaAIIY', '125Mia543@gmail.com', 'Mia', 'SBW', '+83605573', 1);
INSERT INTO public.customer (username, email, name, surname, phone, location_id) VALUES ('74MarryBBEV', '715Marry167@gmail.com', 'Marry', 'DGZ', '+29507191', 1);
INSERT INTO public.customer (username, email, name, surname, phone, location_id) VALUES ('30MarkusMAZJ', '443Markus53@gmail.com', 'Markus', 'EZW', '+30928146', 1);
INSERT INTO public.customer (username, email, name, surname, phone, location_id) VALUES ('25VovaCXCI', '794Vova861@gmail.com', 'Vova', 'RDG', '+31881539', 1);
INSERT INTO public.customer (username, email, name, surname, phone, location_id) VALUES ('69HarryVQCY', '299Harry185@gmail.com', 'Harry', 'QWF', '+79102613', 1);
INSERT INTO public.customer (username, email, name, surname, phone, location_id) VALUES ('32PerryLWES', '119Perry279@gmail.com', 'Perry', 'BUM', '+70453310', 1);
INSERT INTO public.customer (username, email, name, surname, phone, location_id) VALUES ('96SlavaFRZT', '1000Slava463@gmail.com', 'Slava', 'SAP', '+16518751', 1);
INSERT INTO public.customer (username, email, name, surname, phone, location_id) VALUES ('49OlyaCWMY', '103Olya514@gmail.com', 'Olya', 'LBM', '+54523783', 1);
INSERT INTO public.customer (username, email, name, surname, phone, location_id) VALUES ('92JeeYBAE', '11Jee180@gmail.com', 'Jee', 'DME', '+88534700', 1);
INSERT INTO public.customer (username, email, name, surname, phone, location_id) VALUES ('49OlyaZGRH', '911Olya219@gmail.com', 'Olya', 'WXT', '+41882834', 1);
INSERT INTO public.customer (username, email, name, surname, phone, location_id) VALUES ('21AnnONEN', '582Ann410@gmail.com', 'Ann', 'FXI', '+12457001', 1);
INSERT INTO public.customer (username, email, name, surname, phone, location_id) VALUES ('34OlyaEMOA', '12Olya347@gmail.com', 'Olya', 'OTC', '+89487610', 1);
INSERT INTO public.customer (username, email, name, surname, phone, location_id) VALUES ('61SubhamGSYK', '522Subham16@gmail.com', 'Subham', 'NSP', '+26481612', 1);
INSERT INTO public.customer (username, email, name, surname, phone, location_id) VALUES ('6PerryQREL', '626Perry984@gmail.com', 'Perry', 'PNF', '+79789465', 1);
INSERT INTO public.customer (username, email, name, surname, phone, location_id) VALUES ('99PerryDKGO', '400Perry810@gmail.com', 'Perry', 'FDE', '+84698134', 1);
INSERT INTO public.customer (username, email, name, surname, phone, location_id) VALUES ('84OlyaVYNN', '317Olya238@gmail.com', 'Olya', 'TYW', '+68588806', 1);
INSERT INTO public.customer (username, email, name, surname, phone, location_id) VALUES ('70VovaYVPL', '910Vova395@gmail.com', 'Vova', 'PNC', '+14519410', 1);
INSERT INTO public.customer (username, email, name, surname, phone, location_id) VALUES ('1VladZZQB', '582Vlad64@gmail.com', 'Vlad', 'ERB', '+18240541', 1);
INSERT INTO public.customer (username, email, name, surname, phone, location_id) VALUES ('13JeeNJMN', '680Jee492@gmail.com', 'Jee', 'XOE', '+56978993', 1);
INSERT INTO public.customer (username, email, name, surname, phone, location_id) VALUES ('35SlavaRGPM', '597Slava5@gmail.com', 'Slava', 'IIL', '+51424971', 1);
INSERT INTO public.customer (username, email, name, surname, phone, location_id) VALUES ('95RurkHKTZ', '477Rurk537@gmail.com', 'Rurk', 'BZQ', '+43828753', 1);
INSERT INTO public.customer (username, email, name, surname, phone, location_id) VALUES ('6VladBBXQ', '537Vlad888@gmail.com', 'Vlad', 'ZAR', '+49753339', 1);
INSERT INTO public.customer (username, email, name, surname, phone, location_id) VALUES ('Stipa', 'stipa@gmail.com', 'Vasily', 'Sasniy', '+73733773', 1);
INSERT INTO public.location (location_id, country, city, zipcode, street, house) VALUES (1, 'Wbqwwmzgio', 'Odauq', 7249347, 'Xlbzsihkozersnx', 23);
INSERT INTO public.location (location_id, country, city, zipcode, street, house) VALUES (2, 'Luhkqtsfqu', 'Knyks', 2301402, 'Vimteuzxdqozvah', 63);
INSERT INTO public.location (location_id, country, city, zipcode, street, house) VALUES (3, 'Hzicrxrdsj', 'Zafmh', 4283833, 'Lkqyjffbkqoqxhv', 51);
INSERT INTO public.location (location_id, country, city, zipcode, street, house) VALUES (4, 'Lpwmvntzuk', 'Wwgcj', 2960031, 'Ilezctjxcjlziqc', 13);
INSERT INTO public.location (location_id, country, city, zipcode, street, house) VALUES (5, 'Ieawwcpvdz', 'Fagtt', 1117925, 'Pfiwredjubjvzch', 27);
INSERT INTO public.location (location_id, country, city, zipcode, street, house) VALUES (6, 'Axfwcrless', 'Bnzbt', 2409414, 'Ffwqwlfpwlgdshw', 1);
INSERT INTO public.location (location_id, country, city, zipcode, street, house) VALUES (7, 'Hzicrxrdsj', 'Qrocy', 2143176, 'Oqjtholxtxzysvl', 18);
INSERT INTO public.location (location_id, country, city, zipcode, street, house) VALUES (8, 'Cwzkfrevjd', 'Dpnnt', 3621234, 'Zdnkqjzzjstzdih', 27);
INSERT INTO public.location (location_id, country, city, zipcode, street, house) VALUES (9, 'Ccvxauckyj', 'Fcgbf', 9007085, 'Cvwnstarbtknkvu', 20);
INSERT INTO public.location (location_id, country, city, zipcode, street, house) VALUES (10, 'Ccvxauckyj', 'Wfjcc', 1678078, 'Trbaeugbumgevti', 14);
INSERT INTO public.location (location_id, country, city, zipcode, street, house) VALUES (11, 'Luhkqtsfqu', 'Uhkgu', 8444626, 'Ckxqllxwbforich', 63);
INSERT INTO public.location (location_id, country, city, zipcode, street, house) VALUES (12, 'Axfwcrless', 'Xhrrn', 1775844, 'Yyncemwyopgqlcw', 40);
INSERT INTO public.location (location_id, country, city, zipcode, street, house) VALUES (13, 'Rnjristzxt', 'Drjnn', 5433935, 'Rpcssbdcxgrskpp', 98);
INSERT INTO public.location (location_id, country, city, zipcode, street, house) VALUES (14, 'Hzicrxrdsj', 'Odauq', 4416191, 'Schsqvwvfmhvlzs', 70);
INSERT INTO public.location (location_id, country, city, zipcode, street, house) VALUES (15, 'Axfwcrless', 'Wzayy', 6758909, 'Gcolobkmzqrkoyu', 23);
INSERT INTO public.location (location_id, country, city, zipcode, street, house) VALUES (16, 'Wenbwnpggf', 'Xrbdf', 3187559, 'Xakipcxwabruyuj', 27);
INSERT INTO public.location (location_id, country, city, zipcode, street, house) VALUES (17, 'Wenbwnpggf', 'Oazsd', 1678078, 'Tdhfnropbsryxwa', 73);
INSERT INTO public.location (location_id, country, city, zipcode, street, house) VALUES (18, 'Axfwcrless', 'Gjbuh', 1943785, 'Scdoftpdqgktejq', 7);
INSERT INTO public.location (location_id, country, city, zipcode, street, house) VALUES (19, 'Wenbwnpggf', 'Hlnka', 8508746, 'Krjhpihmzcgbkjl', 70);
INSERT INTO public.location (location_id, country, city, zipcode, street, house) VALUES (20, 'Axfwcrless', 'Peuiq', 3187559, 'Odkajcknikhdriq', 76);
INSERT INTO public.location (location_id, country, city, zipcode, street, house) VALUES (21, 'Wenbwnpggf', 'Hlnka', 3122281, 'Bwipmnpuiysjkkn', 18);
INSERT INTO public.location (location_id, country, city, zipcode, street, house) VALUES (22, 'Axfwcrless', 'Erddt', 1943785, 'Czkjmexqngohqdp', 69);
INSERT INTO public.location (location_id, country, city, zipcode, street, house) VALUES (23, 'Lpwmvntzuk', 'Aqxud', 9704323, 'Dvgjdprrdehbnvv', 18);
INSERT INTO public.location (location_id, country, city, zipcode, street, house) VALUES (24, 'Ccvxauckyj', 'Edpbc', 4416191, 'Kqhroikvnphcejm', 15);
INSERT INTO public.location (location_id, country, city, zipcode, street, house) VALUES (25, 'Wenbwnpggf', 'Hfvnk', 7013195, 'Xakipcxwabruyuj', 21);
INSERT INTO public.location (location_id, country, city, zipcode, street, house) VALUES (26, 'Wbqwwmzgio', 'Hfvnk', 2586889, 'Lkeiendenvjoyqn', 13);
INSERT INTO public.location (location_id, country, city, zipcode, street, house) VALUES (27, 'Luhkqtsfqu', 'Crzxt', 5159467, 'Iftwmhegtzvgkhm', 83);
INSERT INTO public.location (location_id, country, city, zipcode, street, house) VALUES (28, 'Luhkqtsfqu', 'Zafmh', 6642279, 'Vpguqyvreyqyyub', 84);
INSERT INTO public.location (location_id, country, city, zipcode, street, house) VALUES (29, 'Lpwmvntzuk', 'Hfvnk', 7433715, 'Pcziugbkaeolfff', 6);
INSERT INTO public.location (location_id, country, city, zipcode, street, house) VALUES (30, 'Cwzkfrevjd', 'Bveqp', 8007345, 'Bufatbnoilvdxdc', 13);
INSERT INTO public.location (location_id, country, city, zipcode, street, house) VALUES (31, 'Wenbwnpggf', 'Eocdd', 8634804, 'Kddtgrtqykivmwm', 53);
INSERT INTO public.location (location_id, country, city, zipcode, street, house) VALUES (32, 'Wenbwnpggf', 'Omugv', 3315851, 'Awsmvropbhwnwzj', 27);
INSERT INTO public.location (location_id, country, city, zipcode, street, house) VALUES (33, 'Cwzkfrevjd', 'Oazsd', 1104177, 'Smultapuceurwfz', 54);
INSERT INTO public.location (location_id, country, city, zipcode, street, house) VALUES (34, 'Ieawwcpvdz', 'Fohlw', 1104177, 'Jvsoqpibmwgmwdf', 71);
INSERT INTO public.location (location_id, country, city, zipcode, street, house) VALUES (35, 'Lpwmvntzuk', 'Gjbuh', 9696043, 'Bufatbnoilvdxdc', 100);
INSERT INTO public.location (location_id, country, city, zipcode, street, house) VALUES (36, 'Rnjristzxt', 'Tpzpe', 1117925, 'Njpghgipgwpdctl', 64);
INSERT INTO public.location (location_id, country, city, zipcode, street, house) VALUES (37, 'Hzicrxrdsj', 'Wrihx', 2331805, 'Zvyhyyxctwhtsdn', 76);
INSERT INTO public.location (location_id, country, city, zipcode, street, house) VALUES (38, 'Rnjristzxt', 'Ghajw', 4911636, 'Hljyaebnplxixlo', 68);
INSERT INTO public.location (location_id, country, city, zipcode, street, house) VALUES (39, 'Rnjristzxt', 'Hhrbc', 9200191, 'Ftitajuqwoqrhfn', 69);
INSERT INTO public.location (location_id, country, city, zipcode, street, house) VALUES (40, 'Cwzkfrevjd', 'Tpzpe', 5275342, 'Gdvbegnjoitvxap', 9);
INSERT INTO public.location (location_id, country, city, zipcode, street, house) VALUES (41, 'Wenbwnpggf', 'Ewrgl', 5433935, 'Cwxylsvwspqzziv', 80);
INSERT INTO public.location (location_id, country, city, zipcode, street, house) VALUES (42, 'Ieawwcpvdz', 'Dnpnv', 8765695, 'Cynubezumgrauqx', 51);
INSERT INTO public.location (location_id, country, city, zipcode, street, house) VALUES (43, 'Cwzkfrevjd', 'Dpnnt', 3015651, 'Tdhemvviilkzxyk', 77);
INSERT INTO public.location (location_id, country, city, zipcode, street, house) VALUES (44, 'Rnjristzxt', 'Ofhsx', 4283833, 'Grewkvvmdwgjzbp', 77);
INSERT INTO public.location (location_id, country, city, zipcode, street, house) VALUES (45, 'Luhkqtsfqu', 'Edpbc', 4790804, 'Eckyhvmawnsfrtr', 73);
INSERT INTO public.location (location_id, country, city, zipcode, street, house) VALUES (46, 'Lpwmvntzuk', 'Kxbpb', 4107654, 'Mdkjfixyigjhpge', 60);
INSERT INTO public.location (location_id, country, city, zipcode, street, house) VALUES (47, 'Ccvxauckyj', 'Fpsgv', 9487099, 'Ahozxpcxuysaiof', 30);
INSERT INTO public.location (location_id, country, city, zipcode, street, house) VALUES (48, 'Wenbwnpggf', 'Uhkgu', 5926716, 'Ffwqwlfpwlgdshw', 52);
INSERT INTO public.location (location_id, country, city, zipcode, street, house) VALUES (49, 'Ieawwcpvdz', 'Odauq', 6758909, 'Tunbrrsqvniddtp', 24);
INSERT INTO public.location (location_id, country, city, zipcode, street, house) VALUES (50, 'Wbqwwmzgio', 'Peuiq', 2586889, 'Jxfrhtyuufwxbwe', 42);
INSERT INTO public.location (location_id, country, city, zipcode, street, house) VALUES (51, 'Lpwmvntzuk', 'Eocdd', 3384765, 'Grjgdkovqwfywyj', 83);
INSERT INTO public.location (location_id, country, city, zipcode, street, house) VALUES (52, 'Axfwcrless', 'Tpzpe', 4459920, 'Cvwnstarbtknkvu', 98);
INSERT INTO public.location (location_id, country, city, zipcode, street, house) VALUES (53, 'Ccvxauckyj', 'Zmdwu', 4266227, 'Tgfgckjrobplvsn', 53);
INSERT INTO public.location (location_id, country, city, zipcode, street, house) VALUES (54, 'Rnjristzxt', 'Jbpzp', 5926716, 'Lafjhoqutqqlwqh', 63);
INSERT INTO public.location (location_id, country, city, zipcode, street, house) VALUES (55, 'Lpwmvntzuk', 'Zyxqg', 8943964, 'Rpnpqqtrbpxgxvw', 63);
INSERT INTO public.location (location_id, country, city, zipcode, street, house) VALUES (56, 'Axfwcrless', 'Fohlw', 5275342, 'Hbmjjfsskmwsuge', 6);
INSERT INTO public.location (location_id, country, city, zipcode, street, house) VALUES (57, 'Wenbwnpggf', 'Omugv', 4433462, 'Ijpwgmbogiiltfa', 43);
INSERT INTO public.location (location_id, country, city, zipcode, street, house) VALUES (58, 'Axfwcrless', 'Dslsd', 1117925, 'Utdzdpdouyuhhyu', 68);
INSERT INTO public.location (location_id, country, city, zipcode, street, house) VALUES (59, 'Rnjristzxt', 'Jszmb', 9751018, 'Otyeyualjpcxpvp', 77);
INSERT INTO public.location (location_id, country, city, zipcode, street, house) VALUES (60, 'Ccvxauckyj', 'Erddt', 3694343, 'Hyliwbwqebululq', 10);
INSERT INTO public.location (location_id, country, city, zipcode, street, house) VALUES (61, 'Ieawwcpvdz', 'Oxgyq', 9539741, 'Lxqvmxialaajbgk', 49);
INSERT INTO public.location (location_id, country, city, zipcode, street, house) VALUES (62, 'Cwzkfrevjd', 'Tvcjw', 4416191, 'Tjkmpjdknqozwap', 69);
INSERT INTO public.location (location_id, country, city, zipcode, street, house) VALUES (63, 'Cwzkfrevjd', 'Oazsd', 1117925, 'Kraauuihlokqfhu', 29);
INSERT INTO public.location (location_id, country, city, zipcode, street, house) VALUES (64, 'Wenbwnpggf', 'Fmavu', 1943785, 'Wgjffholdlbhdpj', 62);
INSERT INTO public.location (location_id, country, city, zipcode, street, house) VALUES (65, 'Cwzkfrevjd', 'Xoelg', 2331805, 'Kxiyzvzhvtdcvwh', 87);
INSERT INTO public.location (location_id, country, city, zipcode, street, house) VALUES (66, 'Rnjristzxt', 'Crzxt', 9442332, 'Kddexkbyrguvoec', 6);
INSERT INTO public.location (location_id, country, city, zipcode, street, house) VALUES (67, 'Rnjristzxt', 'Qnloy', 3315851, 'Kfzffkdeihdkxef', 60);
INSERT INTO public.location (location_id, country, city, zipcode, street, house) VALUES (68, 'Ieawwcpvdz', 'Jbpzp', 5914415, 'Cxufnkluwdjzxlf', 77);
INSERT INTO public.location (location_id, country, city, zipcode, street, house) VALUES (69, 'Wenbwnpggf', 'Mqize', 5085059, 'Kslsnfztjkmzkpi', 67);
INSERT INTO public.location (location_id, country, city, zipcode, street, house) VALUES (70, 'Ieawwcpvdz', 'Fcgbf', 5559777, 'Onljewklgkjsiif', 57);
INSERT INTO public.location (location_id, country, city, zipcode, street, house) VALUES (71, 'Ccvxauckyj', 'Jnaxx', 1104177, 'Jnmtvnwroxzqnkr', 60);
INSERT INTO public.location (location_id, country, city, zipcode, street, house) VALUES (72, 'Luhkqtsfqu', 'Cvmhy', 9539741, 'Rrphjkxtkkovdon', 55);
INSERT INTO public.location (location_id, country, city, zipcode, street, house) VALUES (73, 'Wbqwwmzgio', 'Orwxr', 2651850, 'Kpjvhsqlchuamdw', 33);
INSERT INTO public.location (location_id, country, city, zipcode, street, house) VALUES (74, 'Hzicrxrdsj', 'Ppeto', 1170943, 'Qmsvdpevsatewro', 4);
INSERT INTO public.location (location_id, country, city, zipcode, street, house) VALUES (75, 'Hzicrxrdsj', 'Crzxt', 5275342, 'Qnhhebttvgikfzk', 64);
INSERT INTO public.location (location_id, country, city, zipcode, street, house) VALUES (76, 'Wenbwnpggf', 'Qtuaz', 2331805, 'Yawjeiktkduauzz', 64);
INSERT INTO public.location (location_id, country, city, zipcode, street, house) VALUES (77, 'Wenbwnpggf', 'Qdhax', 2714924, 'Wwrefpxzatzazfq', 76);
INSERT INTO public.location (location_id, country, city, zipcode, street, house) VALUES (78, 'Ieawwcpvdz', 'Wrfcc', 5559777, 'Wkkfxqsnfgmqwxm', 63);
INSERT INTO public.location (location_id, country, city, zipcode, street, house) VALUES (79, 'Luhkqtsfqu', 'Zmdwu', 3145333, 'Ouqbjgmzrqkifmn', 15);
INSERT INTO public.location (location_id, country, city, zipcode, street, house) VALUES (80, 'Axfwcrless', 'Tugeh', 7013195, 'Gmdjiygofytwucj', 33);
INSERT INTO public.location (location_id, country, city, zipcode, street, house) VALUES (81, 'Cwzkfrevjd', 'Fohlw', 7433715, 'Gzlieeqgdectgcf', 43);
INSERT INTO public.location (location_id, country, city, zipcode, street, house) VALUES (82, 'Ieawwcpvdz', 'Zhvad', 2143176, 'Rjofzxwaxjijecn', 12);
INSERT INTO public.location (location_id, country, city, zipcode, street, house) VALUES (83, 'Axfwcrless', 'Zwncz', 5926716, 'Jtaoqlzsibpeeyx', 87);
INSERT INTO public.location (location_id, country, city, zipcode, street, house) VALUES (84, 'Ieawwcpvdz', 'Bjczc', 6642279, 'Qbgtzrpbrfelajq', 29);
INSERT INTO public.location (location_id, country, city, zipcode, street, house) VALUES (85, 'Rnjristzxt', 'Krsoy', 6999563, 'Qkgjvslprlazfuq', 76);
INSERT INTO public.location (location_id, country, city, zipcode, street, house) VALUES (86, 'Luhkqtsfqu', 'Fagtt', 8634804, 'Fslwdknludoymab', 20);
INSERT INTO public.location (location_id, country, city, zipcode, street, house) VALUES (87, 'Axfwcrless', 'Qtuaz', 8551375, 'Clqpnelbpjykpwx', 80);
INSERT INTO public.location (location_id, country, city, zipcode, street, house) VALUES (88, 'Ccvxauckyj', 'Londy', 3315851, 'Klzemeqvmurvuyn', 51);
INSERT INTO public.location (location_id, country, city, zipcode, street, house) VALUES (89, 'Lpwmvntzuk', 'Hfvnk', 4433462, 'Sbezbqrgididzsn', 98);
INSERT INTO public.location (location_id, country, city, zipcode, street, house) VALUES (90, 'Axfwcrless', 'Zhvad', 6408515, 'Xyoavezqhlkjnds', 63);
INSERT INTO public.location (location_id, country, city, zipcode, street, house) VALUES (91, 'Wbqwwmzgio', 'Jszmb', 3015651, 'Fgzjlcvlpsztobe', 43);
INSERT INTO public.location (location_id, country, city, zipcode, street, house) VALUES (92, 'Hzicrxrdsj', 'Wzayy', 8080874, 'Ukokngxmcpxqxop', 4);
INSERT INTO public.location (location_id, country, city, zipcode, street, house) VALUES (93, 'Ieawwcpvdz', 'Gyndi', 5508892, 'Tqmogxenbnhewse', 69);
INSERT INTO public.location (location_id, country, city, zipcode, street, house) VALUES (94, 'Rnjristzxt', 'Xcqro', 2643217, 'Hiairctukdowaky', 39);
INSERT INTO public.location (location_id, country, city, zipcode, street, house) VALUES (95, 'Ccvxauckyj', 'Wrfcc', 8943964, 'Rshgfyofpkkjxwc', 44);
INSERT INTO public.location (location_id, country, city, zipcode, street, house) VALUES (96, 'Lpwmvntzuk', 'Tzkdn', 4459920, 'Cstrdgcweelstpc', 97);
INSERT INTO public.location (location_id, country, city, zipcode, street, house) VALUES (97, 'Axfwcrless', 'Tugeh', 1117925, 'Qouuzrxhrpgotkh', 1);
INSERT INTO public.location (location_id, country, city, zipcode, street, house) VALUES (98, 'Wbqwwmzgio', 'Pkhua', 2107075, 'Gqpkajnjrrjpepe', 62);
INSERT INTO public.location (location_id, country, city, zipcode, street, house) VALUES (99, 'Ieawwcpvdz', 'Ofhsx', 8508746, 'Flzcqkgnzyknmtn', 87);
INSERT INTO public.location (location_id, country, city, zipcode, street, house) VALUES (100, 'Axfwcrless', 'Dslsd', 9479718, 'Aaeypybrtsarhim', 49);
INSERT INTO public.model (model_id, class, max_charge, capacity, provider_id, price) VALUES (1, 'S', 13000, 3, 6, 465);
INSERT INTO public.model (model_id, class, max_charge, capacity, provider_id, price) VALUES (2, 'S', 8000, 2, 15, 12);
INSERT INTO public.model (model_id, class, max_charge, capacity, provider_id, price) VALUES (3, 'L', 14000, 2, 4, 543);
INSERT INTO public.model (model_id, class, max_charge, capacity, provider_id, price) VALUES (4, 'M', 9000, 2, 14, 126);
INSERT INTO public.model (model_id, class, max_charge, capacity, provider_id, price) VALUES (5, 'Z', 8000, 2, 17, 184);
INSERT INTO public.model (model_id, class, max_charge, capacity, provider_id, price) VALUES (6, 'M', 8000, 6, 6, 880);
INSERT INTO public.model (model_id, class, max_charge, capacity, provider_id, price) VALUES (7, 'M', 12000, 6, 6, 595);
INSERT INTO public.model (model_id, class, max_charge, capacity, provider_id, price) VALUES (8, 'S', 10000, 4, 14, 22);
INSERT INTO public.model (model_id, class, max_charge, capacity, provider_id, price) VALUES (9, 'S', 12000, 4, 16, 602);
INSERT INTO public.model (model_id, class, max_charge, capacity, provider_id, price) VALUES (10, 'X', 13000, 6, 11, 490);
INSERT INTO public.repair (repair_id, car_id, workshop_id, start_date, end_date, price) VALUES (4, 89, 4, '2018-10-24 11:46:55.000000', '2018-11-01 00:01:44.000000', 144);
INSERT INTO public.repair (repair_id, car_id, workshop_id, start_date, end_date, price) VALUES (5, 8, 1, '2018-11-05 21:45:01.000000', '2018-11-16 19:13:35.000000', 462);
INSERT INTO public.repair (repair_id, car_id, workshop_id, start_date, end_date, price) VALUES (6, 80, 11, '2018-11-02 03:05:51.000000', '2018-11-06 21:31:37.000000', 143);
INSERT INTO public.repair (repair_id, car_id, workshop_id, start_date, end_date, price) VALUES (7, 50, 7, '2018-11-25 02:32:56.000000', '2018-12-04 11:41:38.000000', 131);
INSERT INTO public.repair (repair_id, car_id, workshop_id, start_date, end_date, price) VALUES (8, 54, 7, '2018-10-23 15:43:42.000000', '2018-10-28 13:17:31.000000', 343);
INSERT INTO public.repair (repair_id, car_id, workshop_id, start_date, end_date, price) VALUES (9, 12, 11, '2018-11-14 17:29:04.000000', '2018-11-25 01:32:05.000000', 442);
INSERT INTO public.repair (repair_id, car_id, workshop_id, start_date, end_date, price) VALUES (10, 98, 4, '2018-11-01 13:55:23.000000', '2018-11-03 21:40:00.000000', 327);
INSERT INTO public.repair (repair_id, car_id, workshop_id, start_date, end_date, price) VALUES (11, 17, 3, '2018-11-11 16:17:23.000000', '2018-11-13 20:58:57.000000', 287);
INSERT INTO public.repair (repair_id, car_id, workshop_id, start_date, end_date, price) VALUES (1, 20, 4, '2018-11-06 06:44:06.000000', '2018-11-11 23:11:03.000000', 1000);
INSERT INTO public.repair (repair_id, car_id, workshop_id, start_date, end_date, price) VALUES (2, 20, 8, '2018-10-24 21:54:31.000000', '2018-10-30 01:19:58.000000', 2000);
INSERT INTO public.repair (repair_id, car_id, workshop_id, start_date, end_date, price) VALUES (3, 99, 10, '2018-10-28 11:04:35.000000', '2018-10-31 22:40:18.000000', 10000);
INSERT INTO public.request (request_id, username, car_id, payment, start_time, end_time, start_location_id, end_location_id, waiting_time, route_length) VALUES (1, '99PerryDKGO', 82, 507, '2018-10-23 10:42:35.000000', '2018-10-23 11:11:46.000000', 63, 39, '00:13:15', 36);
INSERT INTO public.request (request_id, username, car_id, payment, start_time, end_time, start_location_id, end_location_id, waiting_time, route_length) VALUES (2, '6VladBBXQ', 44, 279, '2018-11-03 22:20:46.000000', '2018-11-03 23:04:53.000000', 32, 96, '00:15:41', 50);
INSERT INTO public.request (request_id, username, car_id, payment, start_time, end_time, start_location_id, end_location_id, waiting_time, route_length) VALUES (3, '19MarkusDJRD', 12, 839, '2018-10-26 15:40:00.000000', '2018-10-26 16:15:07.000000', 15, 38, '00:11:11', 24);
INSERT INTO public.request (request_id, username, car_id, payment, start_time, end_time, start_location_id, end_location_id, waiting_time, route_length) VALUES (4, '28AnnCNXB', 16, 259, '2018-11-08 06:08:39.000000', '2018-11-08 06:12:46.000000', 50, 22, '00:14:19', 5);
INSERT INTO public.request (request_id, username, car_id, payment, start_time, end_time, start_location_id, end_location_id, waiting_time, route_length) VALUES (5, '7LiHMEE', 66, 248, '2018-11-08 23:21:52.000000', '2018-11-08 23:47:12.000000', 1, 67, '00:06:06', 19);
INSERT INTO public.request (request_id, username, car_id, payment, start_time, end_time, start_location_id, end_location_id, waiting_time, route_length) VALUES (6, '59RurkYBIR', 87, 125, '2018-11-22 21:49:48.000000', '2018-11-22 22:01:29.000000', 15, 16, '00:07:06', 15);
INSERT INTO public.request (request_id, username, car_id, payment, start_time, end_time, start_location_id, end_location_id, waiting_time, route_length) VALUES (7, '32AlexFWIA', 92, 526, '2018-11-08 02:15:21.000000', '2018-11-08 02:42:42.000000', 94, 51, '00:09:32', 36);
INSERT INTO public.request (request_id, username, car_id, payment, start_time, end_time, start_location_id, end_location_id, waiting_time, route_length) VALUES (8, '7JeeUXFD', 55, 267, '2018-11-03 14:03:58.000000', '2018-11-03 14:28:22.000000', 66, 91, '00:10:17', 24);
INSERT INTO public.request (request_id, username, car_id, payment, start_time, end_time, start_location_id, end_location_id, waiting_time, route_length) VALUES (9, '85VovaKYOC', 49, 875, '2018-10-26 23:32:23.000000', '2018-10-27 00:05:31.000000', 81, 75, '00:11:19', 37);
INSERT INTO public.request (request_id, username, car_id, payment, start_time, end_time, start_location_id, end_location_id, waiting_time, route_length) VALUES (10, '6PerryQREL', 31, 700, '2018-11-09 07:33:18.000000', '2018-11-09 08:02:53.000000', 67, 13, '00:06:50', 36);
INSERT INTO public.request (request_id, username, car_id, payment, start_time, end_time, start_location_id, end_location_id, waiting_time, route_length) VALUES (11, '11HarryBENM', 23, 555, '2018-11-12 20:55:00.000000', '2018-11-12 21:33:11.000000', 21, 16, '00:05:15', 35);
INSERT INTO public.request (request_id, username, car_id, payment, start_time, end_time, start_location_id, end_location_id, waiting_time, route_length) VALUES (12, '31VladRJLJ', 27, 586, '2018-11-05 19:19:53.000000', '2018-11-05 19:40:50.000000', 35, 75, '00:14:05', 22);
INSERT INTO public.request (request_id, username, car_id, payment, start_time, end_time, start_location_id, end_location_id, waiting_time, route_length) VALUES (13, '64MarkusJQEV', 84, 524, '2018-11-10 10:32:29.000000', '2018-11-10 11:13:29.000000', 14, 77, '00:09:32', 41);
INSERT INTO public.request (request_id, username, car_id, payment, start_time, end_time, start_location_id, end_location_id, waiting_time, route_length) VALUES (14, '32AlexFWIA', 87, 502, '2018-10-23 09:58:26.000000', '2018-10-23 10:23:03.000000', 10, 29, '00:14:03', 32);
INSERT INTO public.request (request_id, username, car_id, payment, start_time, end_time, start_location_id, end_location_id, waiting_time, route_length) VALUES (15, '74MarryBBEV', 11, 1129, '2018-11-01 00:41:52.000000', '2018-11-01 01:38:24.000000', 9, 17, '00:07:09', 49);
INSERT INTO public.request (request_id, username, car_id, payment, start_time, end_time, start_location_id, end_location_id, waiting_time, route_length) VALUES (16, '74VovaILGF', 2, 628, '2018-11-24 21:59:56.000000', '2018-11-24 22:41:33.000000', 75, 30, '00:14:41', 43);
INSERT INTO public.request (request_id, username, car_id, payment, start_time, end_time, start_location_id, end_location_id, waiting_time, route_length) VALUES (17, '58AlexXWOV', 39, 105, '2018-11-16 01:48:51.000000', '2018-11-16 01:54:11.000000', 22, 9, '00:08:22', 4);
INSERT INTO public.request (request_id, username, car_id, payment, start_time, end_time, start_location_id, end_location_id, waiting_time, route_length) VALUES (18, '49MarryFZJS', 86, 620, '2018-11-12 23:27:40.000000', '2018-11-12 23:57:00.000000', 95, 27, '00:11:35', 22);
INSERT INTO public.request (request_id, username, car_id, payment, start_time, end_time, start_location_id, end_location_id, waiting_time, route_length) VALUES (19, '88RurkBCWF', 14, 203, '2018-10-31 03:03:28.000000', '2018-10-31 03:49:07.000000', 32, 28, '00:06:20', 35);
INSERT INTO public.request (request_id, username, car_id, payment, start_time, end_time, start_location_id, end_location_id, waiting_time, route_length) VALUES (20, '77MarryCOLQ', 65, 194, '2018-11-08 12:09:54.000000', '2018-11-08 12:15:30.000000', 16, 2, '00:13:26', 7);
INSERT INTO public.request (request_id, username, car_id, payment, start_time, end_time, start_location_id, end_location_id, waiting_time, route_length) VALUES (21, '8VladGBQC', 11, 700, '2018-11-15 22:31:03.000000', '2018-11-15 22:50:15.000000', 8, 85, '00:07:51', 24);
INSERT INTO public.request (request_id, username, car_id, payment, start_time, end_time, start_location_id, end_location_id, waiting_time, route_length) VALUES (22, '16JeeVAKJ', 56, 995, '2018-11-07 02:19:16.000000', '2018-11-07 03:16:16.000000', 93, 83, '00:07:05', 38);
INSERT INTO public.request (request_id, username, car_id, payment, start_time, end_time, start_location_id, end_location_id, waiting_time, route_length) VALUES (23, '18HarryZMJB', 4, 738, '2018-11-09 14:53:38.000000', '2018-11-09 15:23:05.000000', 40, 50, '00:07:03', 27);
INSERT INTO public.request (request_id, username, car_id, payment, start_time, end_time, start_location_id, end_location_id, waiting_time, route_length) VALUES (24, '95RurkHKTZ', 96, 995, '2018-11-04 08:39:58.000000', '2018-11-04 09:15:40.000000', 59, 37, '00:06:50', 47);
INSERT INTO public.request (request_id, username, car_id, payment, start_time, end_time, start_location_id, end_location_id, waiting_time, route_length) VALUES (25, '99MarkusALRS', 73, 1824, '2018-10-27 14:24:40.000000', '2018-10-27 15:26:10.000000', 94, 91, '00:15:35', 41);
INSERT INTO public.request (request_id, username, car_id, payment, start_time, end_time, start_location_id, end_location_id, waiting_time, route_length) VALUES (26, '7JeeUXFD', 72, 251, '2018-11-14 11:59:34.000000', '2018-11-14 12:04:11.000000', 32, 49, '00:16:21', 4);
INSERT INTO public.request (request_id, username, car_id, payment, start_time, end_time, start_location_id, end_location_id, waiting_time, route_length) VALUES (27, '65MiaAIIY', 44, 926, '2018-10-28 03:11:42.000000', '2018-10-28 03:47:32.000000', 74, 65, '00:07:07', 43);
INSERT INTO public.request (request_id, username, car_id, payment, start_time, end_time, start_location_id, end_location_id, waiting_time, route_length) VALUES (28, '22HarryPRGA', 39, 261, '2018-10-21 11:07:55.000000', '2018-10-21 11:26:27.000000', 20, 36, '00:10:45', 21);
INSERT INTO public.request (request_id, username, car_id, payment, start_time, end_time, start_location_id, end_location_id, waiting_time, route_length) VALUES (29, '77MarryCOLQ', 67, 851, '2018-11-20 10:11:40.000000', '2018-11-20 10:44:43.000000', 58, 34, '00:06:57', 38);
INSERT INTO public.request (request_id, username, car_id, payment, start_time, end_time, start_location_id, end_location_id, waiting_time, route_length) VALUES (30, '49MarryFZJS', 18, 1171, '2018-11-12 14:20:42.000000', '2018-11-12 15:30:42.000000', 60, 26, '00:07:56', 49);
INSERT INTO public.request (request_id, username, car_id, payment, start_time, end_time, start_location_id, end_location_id, waiting_time, route_length) VALUES (31, '49OlyaZGRH', 5, 223, '2018-11-23 08:46:55.000000', '2018-11-23 09:15:33.000000', 90, 25, '00:09:52', 21);
INSERT INTO public.request (request_id, username, car_id, payment, start_time, end_time, start_location_id, end_location_id, waiting_time, route_length) VALUES (32, '18HarryZMJB', 30, 1114, '2018-11-10 00:50:38.000000', '2018-11-10 01:29:23.000000', 60, 83, '00:12:56', 31);
INSERT INTO public.request (request_id, username, car_id, payment, start_time, end_time, start_location_id, end_location_id, waiting_time, route_length) VALUES (33, '21JeeJZJI', 72, 994, '2018-11-25 01:33:32.000000', '2018-11-25 02:28:05.000000', 80, 21, '00:13:17', 40);
INSERT INTO public.request (request_id, username, car_id, payment, start_time, end_time, start_location_id, end_location_id, waiting_time, route_length) VALUES (34, '63SlavaNPUP', 23, 701, '2018-11-07 06:33:47.000000', '2018-11-07 07:33:47.000000', 78, 17, '00:06:00', 40);
INSERT INTO public.request (request_id, username, car_id, payment, start_time, end_time, start_location_id, end_location_id, waiting_time, route_length) VALUES (35, '28VladSFIT', 85, 227, '2018-10-21 10:41:34.000000', '2018-10-21 10:54:42.000000', 7, 18, '00:05:41', 14);
INSERT INTO public.request (request_id, username, car_id, payment, start_time, end_time, start_location_id, end_location_id, waiting_time, route_length) VALUES (36, '30MarkusMAZJ', 49, 356, '2018-10-22 19:23:37.000000', '2018-10-22 19:58:29.000000', 29, 77, '00:10:15', 43);
INSERT INTO public.request (request_id, username, car_id, payment, start_time, end_time, start_location_id, end_location_id, waiting_time, route_length) VALUES (37, '79StasDDBM', 80, 308, '2018-11-06 20:02:43.000000', '2018-11-06 20:13:32.000000', 48, 98, '00:15:54', 11);
INSERT INTO public.request (request_id, username, car_id, payment, start_time, end_time, start_location_id, end_location_id, waiting_time, route_length) VALUES (38, '24JeeTYKH', 15, 257, '2018-11-02 11:15:10.000000', '2018-11-02 11:29:50.000000', 14, 58, '00:10:25', 11);
INSERT INTO public.request (request_id, username, car_id, payment, start_time, end_time, start_location_id, end_location_id, waiting_time, route_length) VALUES (39, '96MiaFWYG', 55, 732, '2018-11-01 21:42:00.000000', '2018-11-01 22:15:29.000000', 67, 30, '00:08:19', 24);
INSERT INTO public.request (request_id, username, car_id, payment, start_time, end_time, start_location_id, end_location_id, waiting_time, route_length) VALUES (40, '82HarryWIWI', 90, 359, '2018-10-29 17:49:35.000000', '2018-10-29 18:29:16.000000', 17, 75, '00:08:47', 41);
INSERT INTO public.request (request_id, username, car_id, payment, start_time, end_time, start_location_id, end_location_id, waiting_time, route_length) VALUES (41, '6PerryQREL', 56, 622, '2018-11-02 12:03:14.000000', '2018-11-02 12:47:18.000000', 72, 56, '00:13:04', 47);
INSERT INTO public.request (request_id, username, car_id, payment, start_time, end_time, start_location_id, end_location_id, waiting_time, route_length) VALUES (42, '7LiHMEE', 15, 453, '2018-11-01 05:46:32.000000', '2018-11-01 06:00:36.000000', 85, 63, '00:14:08', 15);
INSERT INTO public.request (request_id, username, car_id, payment, start_time, end_time, start_location_id, end_location_id, waiting_time, route_length) VALUES (43, '61PerryENEF', 88, 1252, '2018-10-20 22:27:15.000000', '2018-10-20 23:04:10.000000', 19, 92, '00:05:55', 32);
INSERT INTO public.request (request_id, username, car_id, payment, start_time, end_time, start_location_id, end_location_id, waiting_time, route_length) VALUES (44, '77LiAIMJ', 100, 875, '2018-10-22 13:09:05.000000', '2018-10-22 13:35:17.000000', 88, 77, '00:06:18', 31);
INSERT INTO public.request (request_id, username, car_id, payment, start_time, end_time, start_location_id, end_location_id, waiting_time, route_length) VALUES (45, '21AnnONEN', 94, 581, '2018-10-27 08:01:05.000000', '2018-10-27 08:21:54.000000', 32, 14, '00:05:21', 17);
INSERT INTO public.request (request_id, username, car_id, payment, start_time, end_time, start_location_id, end_location_id, waiting_time, route_length) VALUES (46, '62VladHVEY', 97, 138, '2018-11-23 08:57:01.000000', '2018-11-23 09:08:20.000000', 90, 55, '00:10:27', 10);
INSERT INTO public.request (request_id, username, car_id, payment, start_time, end_time, start_location_id, end_location_id, waiting_time, route_length) VALUES (47, '7JeeUXFD', 81, 917, '2018-10-21 17:46:38.000000', '2018-10-21 18:14:20.000000', 47, 32, '00:11:54', 30);
INSERT INTO public.request (request_id, username, car_id, payment, start_time, end_time, start_location_id, end_location_id, waiting_time, route_length) VALUES (48, '82HarryWIWI', 81, 1146, '2018-11-06 02:03:35.000000', '2018-11-06 02:38:16.000000', 40, 6, '00:14:35', 37);
INSERT INTO public.request (request_id, username, car_id, payment, start_time, end_time, start_location_id, end_location_id, waiting_time, route_length) VALUES (49, '16AnnZGTM', 97, 1168, '2018-11-19 21:55:10.000000', '2018-11-19 22:26:45.000000', 18, 43, '00:13:55', 40);
INSERT INTO public.request (request_id, username, car_id, payment, start_time, end_time, start_location_id, end_location_id, waiting_time, route_length) VALUES (50, '47VovaCLYD', 55, 697, '2018-10-25 19:24:30.000000', '2018-10-25 19:43:42.000000', 67, 51, '00:11:50', 16);
INSERT INTO public.request (request_id, username, car_id, payment, start_time, end_time, start_location_id, end_location_id, waiting_time, route_length) VALUES (51, '20VovaCXPH', 30, 893, '2018-10-22 07:28:30.000000', '2018-10-22 08:05:25.000000', 3, 49, '00:06:46', 40);
INSERT INTO public.request (request_id, username, car_id, payment, start_time, end_time, start_location_id, end_location_id, waiting_time, route_length) VALUES (52, '14RurkRWTJ', 32, 457, '2018-11-12 14:24:54.000000', '2018-11-12 15:27:41.000000', 61, 4, '00:09:24', 45);
INSERT INTO public.request (request_id, username, car_id, payment, start_time, end_time, start_location_id, end_location_id, waiting_time, route_length) VALUES (53, '58OlyaELSL', 61, 293, '2018-11-15 15:44:35.000000', '2018-11-15 16:17:19.000000', 94, 86, '00:08:39', 36);
INSERT INTO public.request (request_id, username, car_id, payment, start_time, end_time, start_location_id, end_location_id, waiting_time, route_length) VALUES (54, '30MarkusMAZJ', 3, 650, '2018-11-02 09:13:56.000000', '2018-11-02 09:46:14.000000', 65, 43, '00:10:50', 42);
INSERT INTO public.request (request_id, username, car_id, payment, start_time, end_time, start_location_id, end_location_id, waiting_time, route_length) VALUES (55, '21AnnONEN', 94, 153, '2018-11-21 17:29:58.000000', '2018-11-21 17:37:28.000000', 29, 8, '00:12:42', 5);
INSERT INTO public.request (request_id, username, car_id, payment, start_time, end_time, start_location_id, end_location_id, waiting_time, route_length) VALUES (56, '7JeeUXFD', 47, 271, '2018-10-31 11:10:46.000000', '2018-10-31 11:32:40.000000', 97, 3, '00:12:36', 23);
INSERT INTO public.request (request_id, username, car_id, payment, start_time, end_time, start_location_id, end_location_id, waiting_time, route_length) VALUES (57, '61MarkusOYIG', 18, 316, '2018-11-17 11:54:07.000000', '2018-11-17 12:04:56.000000', 67, 19, '00:09:28', 11);
INSERT INTO public.request (request_id, username, car_id, payment, start_time, end_time, start_location_id, end_location_id, waiting_time, route_length) VALUES (58, '20VovaWTCM', 80, 1053, '2018-10-20 12:40:02.000000', '2018-10-20 13:15:52.000000', 32, 73, '00:06:29', 43);
INSERT INTO public.request (request_id, username, car_id, payment, start_time, end_time, start_location_id, end_location_id, waiting_time, route_length) VALUES (59, '6VladUJVU', 2, 1136, '2018-10-29 14:01:13.000000', '2018-10-29 14:55:46.000000', 25, 76, '00:15:10', 40);
INSERT INTO public.request (request_id, username, car_id, payment, start_time, end_time, start_location_id, end_location_id, waiting_time, route_length) VALUES (60, '49MarryFZJS', 53, 350, '2018-10-23 05:53:03.000000', '2018-10-23 06:03:58.000000', 84, 71, '00:16:23', 10);
INSERT INTO public.request (request_id, username, car_id, payment, start_time, end_time, start_location_id, end_location_id, waiting_time, route_length) VALUES (61, '30SlavaIMLI', 31, 547, '2018-10-27 01:54:48.000000', '2018-10-27 02:32:59.000000', 36, 95, '00:05:11', 42);
INSERT INTO public.request (request_id, username, car_id, payment, start_time, end_time, start_location_id, end_location_id, waiting_time, route_length) VALUES (62, '96SlavaFRZT', 53, 277, '2018-11-03 07:41:27.000000', '2018-11-03 07:50:08.000000', 29, 53, '00:07:51', 11);
INSERT INTO public.request (request_id, username, car_id, payment, start_time, end_time, start_location_id, end_location_id, waiting_time, route_length) VALUES (63, '16AnnZGTM', 46, 219, '2018-10-21 11:30:45.000000', '2018-10-21 11:46:14.000000', 57, 50, '00:11:43', 16);
INSERT INTO public.request (request_id, username, car_id, payment, start_time, end_time, start_location_id, end_location_id, waiting_time, route_length) VALUES (64, '61PerryENEF', 45, 429, '2018-11-04 04:06:45.000000', '2018-11-04 04:27:06.000000', 71, 99, '00:12:31', 19);
INSERT INTO public.request (request_id, username, car_id, payment, start_time, end_time, start_location_id, end_location_id, waiting_time, route_length) VALUES (65, '63SlavaNPUP', 31, 766, '2018-11-23 07:45:35.000000', '2018-11-23 08:44:24.000000', 72, 25, '00:08:00', 50);
INSERT INTO public.request (request_id, username, car_id, payment, start_time, end_time, start_location_id, end_location_id, waiting_time, route_length) VALUES (66, '72HarryJAJU', 99, 242, '2018-11-19 23:18:35.000000', '2018-11-19 23:31:45.000000', 30, 63, '00:14:50', 9);
INSERT INTO public.request (request_id, username, car_id, payment, start_time, end_time, start_location_id, end_location_id, waiting_time, route_length) VALUES (67, '22HarryPRGA', 46, 159, '2018-11-01 06:38:42.000000', '2018-11-01 07:02:52.000000', 25, 47, '00:11:11', 29);
INSERT INTO public.request (request_id, username, car_id, payment, start_time, end_time, start_location_id, end_location_id, waiting_time, route_length) VALUES (68, '28VladSFIT', 5, 648, '2018-11-01 20:24:09.000000', '2018-11-01 20:55:31.000000', 11, 1, '00:14:13', 23);
INSERT INTO public.request (request_id, username, car_id, payment, start_time, end_time, start_location_id, end_location_id, waiting_time, route_length) VALUES (69, '44AlexSHKH', 9, 207, '2018-10-28 04:16:30.000000', '2018-10-28 04:27:48.000000', 54, 94, '00:05:48', 13);
INSERT INTO public.request (request_id, username, car_id, payment, start_time, end_time, start_location_id, end_location_id, waiting_time, route_length) VALUES (70, '7JeeUXFD', 7, 632, '2018-11-04 08:11:40.000000', '2018-11-04 08:40:18.000000', 77, 95, '00:15:30', 21);
INSERT INTO public.request (request_id, username, car_id, payment, start_time, end_time, start_location_id, end_location_id, waiting_time, route_length) VALUES (71, '53OlyaLMZY', 50, 605, '2018-11-14 12:34:01.000000', '2018-11-14 13:11:24.000000', 74, 40, '00:08:56', 38);
INSERT INTO public.request (request_id, username, car_id, payment, start_time, end_time, start_location_id, end_location_id, waiting_time, route_length) VALUES (72, '28VladSFIT', 85, 99, '2018-11-10 12:39:44.000000', '2018-11-10 12:48:04.000000', 44, 79, '00:08:27', 10);
INSERT INTO public.request (request_id, username, car_id, payment, start_time, end_time, start_location_id, end_location_id, waiting_time, route_length) VALUES (73, '61PerryENEF', 44, 347, '2018-10-26 08:55:51.000000', '2018-10-26 09:03:43.000000', 30, 46, '00:09:35', 8);
INSERT INTO public.request (request_id, username, car_id, payment, start_time, end_time, start_location_id, end_location_id, waiting_time, route_length) VALUES (74, '65MiaAIIY', 49, 180, '2018-11-23 20:16:58.000000', '2018-11-23 20:27:41.000000', 29, 52, '00:06:58', 10);
INSERT INTO public.request (request_id, username, car_id, payment, start_time, end_time, start_location_id, end_location_id, waiting_time, route_length) VALUES (75, '87SlavaWDMZ', 52, 801, '2018-11-09 20:15:18.000000', '2018-11-09 20:55:18.000000', 30, 19, '00:11:46', 28);
INSERT INTO public.request (request_id, username, car_id, payment, start_time, end_time, start_location_id, end_location_id, waiting_time, route_length) VALUES (76, '6SubhamMHIP', 73, 255, '2018-11-02 09:09:15.000000', '2018-11-02 09:48:57.000000', 61, 93, '00:06:08', 45);
INSERT INTO public.request (request_id, username, car_id, payment, start_time, end_time, start_location_id, end_location_id, waiting_time, route_length) VALUES (77, '14JhonEMJI', 64, 308, '2018-11-11 20:31:12.000000', '2018-11-11 20:46:36.000000', 33, 53, '00:05:28', 19);
INSERT INTO public.request (request_id, username, car_id, payment, start_time, end_time, start_location_id, end_location_id, waiting_time, route_length) VALUES (78, '61MarkusOYIG', 27, 454, '2018-11-13 16:32:48.000000', '2018-11-13 17:10:59.000000', 80, 69, '00:08:48', 28);
INSERT INTO public.request (request_id, username, car_id, payment, start_time, end_time, start_location_id, end_location_id, waiting_time, route_length) VALUES (79, '99HarryGNUW', 91, 794, '2018-11-23 00:58:33.000000', '2018-11-23 01:22:43.000000', 82, 10, '00:16:38', 29);
INSERT INTO public.request (request_id, username, car_id, payment, start_time, end_time, start_location_id, end_location_id, waiting_time, route_length) VALUES (80, '64MarkusJQEV', 5, 162, '2018-11-17 10:36:37.000000', '2018-11-17 10:58:19.000000', 7, 79, '00:09:21', 17);
INSERT INTO public.request (request_id, username, car_id, payment, start_time, end_time, start_location_id, end_location_id, waiting_time, route_length) VALUES (81, '55PerryNIFE', 33, 713, '2018-11-22 04:42:12.000000', '2018-11-22 05:09:33.000000', 83, 52, '00:16:09', 36);
INSERT INTO public.request (request_id, username, car_id, payment, start_time, end_time, start_location_id, end_location_id, waiting_time, route_length) VALUES (82, '92MarryDEGD', 27, 1058, '2018-11-03 18:40:35.000000', '2018-11-03 19:23:26.000000', 59, 77, '00:12:46', 40);
INSERT INTO public.request (request_id, username, car_id, payment, start_time, end_time, start_location_id, end_location_id, waiting_time, route_length) VALUES (83, '27SlavaIDDJ', 95, 188, '2018-11-12 17:09:43.000000', '2018-11-12 17:14:35.000000', 46, 35, '00:06:47', 6);
INSERT INTO public.request (request_id, username, car_id, payment, start_time, end_time, start_location_id, end_location_id, waiting_time, route_length) VALUES (84, '6VladUJVU', 85, 279, '2018-10-22 11:27:25.000000', '2018-10-22 11:34:31.000000', 5, 13, '00:05:19', 9);
INSERT INTO public.request (request_id, username, car_id, payment, start_time, end_time, start_location_id, end_location_id, waiting_time, route_length) VALUES (85, '47VovaCLYD', 26, 1326, '2018-11-13 01:10:31.000000', '2018-11-13 01:48:01.000000', 26, 19, '00:15:54', 50);
INSERT INTO public.request (request_id, username, car_id, payment, start_time, end_time, start_location_id, end_location_id, waiting_time, route_length) VALUES (86, '20VovaWTCM', 2, 246, '2018-10-24 14:13:29.000000', '2018-10-24 14:20:04.000000', 50, 78, '00:14:51', 8);
INSERT INTO public.request (request_id, username, car_id, payment, start_time, end_time, start_location_id, end_location_id, waiting_time, route_length) VALUES (87, '56AnnTQHG', 40, 316, '2018-11-05 06:20:45.000000', '2018-11-05 06:48:11.000000', 11, 59, '00:10:26', 32);
INSERT INTO public.request (request_id, username, car_id, payment, start_time, end_time, start_location_id, end_location_id, waiting_time, route_length) VALUES (88, '93VovaJKXO', 86, 435, '2018-11-19 16:20:44.000000', '2018-11-19 16:56:25.000000', 24, 59, '00:11:04', 44);
INSERT INTO public.request (request_id, username, car_id, payment, start_time, end_time, start_location_id, end_location_id, waiting_time, route_length) VALUES (89, '55PerryNIFE', 21, 325, '2018-11-05 08:43:48.000000', '2018-11-05 08:55:16.000000', 15, 77, '00:08:41', 13);
INSERT INTO public.request (request_id, username, car_id, payment, start_time, end_time, start_location_id, end_location_id, waiting_time, route_length) VALUES (90, '21MarryVCYM', 40, 311, '2018-11-25 11:29:51.000000', '2018-11-25 11:36:41.000000', 31, 77, '00:08:51', 9);
INSERT INTO public.request (request_id, username, car_id, payment, start_time, end_time, start_location_id, end_location_id, waiting_time, route_length) VALUES (91, '82HarryWIWI', 17, 195, '2018-10-20 21:11:06.000000', '2018-10-20 21:16:39.000000', 7, 36, '00:06:41', 5);
INSERT INTO public.request (request_id, username, car_id, payment, start_time, end_time, start_location_id, end_location_id, waiting_time, route_length) VALUES (92, '8VladGBQC', 19, 393, '2018-11-21 18:16:15.000000', '2018-11-21 18:27:33.000000', 29, 32, '00:06:36', 13);
INSERT INTO public.request (request_id, username, car_id, payment, start_time, end_time, start_location_id, end_location_id, waiting_time, route_length) VALUES (93, '92JeeYBAE', 56, 502, '2018-11-01 13:16:33.000000', '2018-11-01 13:46:02.000000', 76, 69, '00:12:49', 29);
INSERT INTO public.request (request_id, username, car_id, payment, start_time, end_time, start_location_id, end_location_id, waiting_time, route_length) VALUES (94, '32PerryLWES', 63, 507, '2018-10-31 14:48:19.000000', '2018-10-31 15:22:58.000000', 16, 12, '00:08:09', 41);
INSERT INTO public.request (request_id, username, car_id, payment, start_time, end_time, start_location_id, end_location_id, waiting_time, route_length) VALUES (95, '30MarkusMAZJ', 18, 176, '2018-11-08 04:15:22.000000', '2018-11-08 04:23:18.000000', 89, 84, '00:14:08', 9);
INSERT INTO public.request (request_id, username, car_id, payment, start_time, end_time, start_location_id, end_location_id, waiting_time, route_length) VALUES (96, '28VladSFIT', 78, 139, '2018-11-04 04:21:18.000000', '2018-11-04 04:25:48.000000', 80, 86, '00:08:58', 6);
INSERT INTO public.request (request_id, username, car_id, payment, start_time, end_time, start_location_id, end_location_id, waiting_time, route_length) VALUES (97, '21MarryVCYM', 68, 348, '2018-11-05 20:06:17.000000', '2018-11-05 20:39:21.000000', 14, 29, '00:12:09', 27);
INSERT INTO public.request (request_id, username, car_id, payment, start_time, end_time, start_location_id, end_location_id, waiting_time, route_length) VALUES (98, '15LiPYSF', 95, 218, '2018-10-24 13:01:17.000000', '2018-10-24 13:10:59.000000', 86, 67, '00:11:20', 11);
INSERT INTO public.request (request_id, username, car_id, payment, start_time, end_time, start_location_id, end_location_id, waiting_time, route_length) VALUES (99, '3SlavaPIZH', 66, 553, '2018-11-06 20:22:33.000000', '2018-11-06 20:38:00.000000', 87, 69, '00:10:59', 17);
INSERT INTO public.request (request_id, username, car_id, payment, start_time, end_time, start_location_id, end_location_id, waiting_time, route_length) VALUES (100, '7LiHMEE', 33, 392, '2018-10-30 02:58:07.000000', '2018-10-30 03:16:44.000000', 96, 16, '00:11:02', 18);
INSERT INTO public.request (request_id, username, car_id, payment, start_time, end_time, start_location_id, end_location_id, waiting_time, route_length) VALUES (101, 'Stipa', 101, 100, '2018-11-07 10:07:07.000000', '2018-11-07 10:07:07.000000', 1, 2, '00:26:05', 100);
INSERT INTO public.request (request_id, username, car_id, payment, start_time, end_time, start_location_id, end_location_id, waiting_time, route_length) VALUES (102, 'Stipa', 102, 100, '2018-11-07 10:07:07.000000', '2018-11-07 10:07:07.000000', 1, 2, '00:26:05', 100);
INSERT INTO public.request (request_id, username, car_id, payment, start_time, end_time, start_location_id, end_location_id, waiting_time, route_length) VALUES (103, 'Stipa', 103, 100, '2018-11-07 10:07:07.000000', '2018-11-07 10:07:07.000000', 1, 2, '00:26:05', 100);
INSERT INTO public.request (request_id, username, car_id, payment, start_time, end_time, start_location_id, end_location_id, waiting_time, route_length) VALUES (104, 'Stipa', 104, 100, '2018-11-07 10:07:07.000000', '2018-11-07 10:07:07.000000', 1, 2, '00:26:05', 100);
INSERT INTO public.request (request_id, username, car_id, payment, start_time, end_time, start_location_id, end_location_id, waiting_time, route_length) VALUES (105, 'Stipa', 105, 100, '2018-11-07 10:07:07.000000', '2018-11-07 10:07:07.000000', 1, 2, '00:26:05', 100);
INSERT INTO public.request (request_id, username, car_id, payment, start_time, end_time, start_location_id, end_location_id, waiting_time, route_length) VALUES (106, 'Stipa', 106, 100, '2018-11-07 10:07:07.000000', '2018-11-07 10:07:07.000000', 1, 2, '00:26:05', 100);
INSERT INTO public.request (request_id, username, car_id, payment, start_time, end_time, start_location_id, end_location_id, waiting_time, route_length) VALUES (107, 'Stipa', 107, 100, '2018-11-07 10:07:07.000000', '2018-11-07 10:07:07.000000', 1, 2, '00:26:05', 100);
INSERT INTO public.request (request_id, username, car_id, payment, start_time, end_time, start_location_id, end_location_id, waiting_time, route_length) VALUES (108, 'Stipa', 108, 100, '2018-11-07 10:07:07.000000', '2018-11-07 10:07:07.000000', 1, 2, '00:26:05', 100);
INSERT INTO public.request (request_id, username, car_id, payment, start_time, end_time, start_location_id, end_location_id, waiting_time, route_length) VALUES (109, 'Stipa', 109, 100, '2018-11-07 10:07:07.000000', '2018-11-07 10:07:07.000000', 1, 2, '00:26:05', 100);
INSERT INTO public.request (request_id, username, car_id, payment, start_time, end_time, start_location_id, end_location_id, waiting_time, route_length) VALUES (110, 'Stipa', 110, 100, '2018-11-07 10:07:07.000000', '2018-11-07 10:07:07.000000', 1, 2, '00:26:05', 100);
INSERT INTO public.spent_part (repair_id, part_id, amount) VALUES (11, 67, 3);
INSERT INTO public.spent_part (repair_id, part_id, amount) VALUES (8, 57, 4);
INSERT INTO public.spent_part (repair_id, part_id, amount) VALUES (7, 108, 2);
INSERT INTO public.spent_part (repair_id, part_id, amount) VALUES (4, 2, 5);
INSERT INTO public.spent_part (repair_id, part_id, amount) VALUES (2, 126, 4);
INSERT INTO public.spent_part (repair_id, part_id, amount) VALUES (9, 250, 5);
INSERT INTO public.spent_part (repair_id, part_id, amount) VALUES (7, 204, 2);
INSERT INTO public.spent_part (repair_id, part_id, amount) VALUES (5, 140, 4);
INSERT INTO public.spent_part (repair_id, part_id, amount) VALUES (10, 128, 5);
INSERT INTO public.spent_part (repair_id, part_id, amount) VALUES (1, 242, 5);
INSERT INTO public.spent_part (repair_id, part_id, amount) VALUES (10, 10, 1);
INSERT INTO public.spent_part (repair_id, part_id, amount) VALUES (9, 18, 1);
INSERT INTO public.spent_part (repair_id, part_id, amount) VALUES (11, 196, 1);
INSERT INTO public.spent_part (repair_id, part_id, amount) VALUES (9, 107, 5);
INSERT INTO public.spent_part (repair_id, part_id, amount) VALUES (2, 229, 2);
INSERT INTO public.spent_part (repair_id, part_id, amount) VALUES (7, 42, 5);
INSERT INTO public.spent_part (repair_id, part_id, amount) VALUES (9, 130, 3);
INSERT INTO public.spent_part (repair_id, part_id, amount) VALUES (2, 258, 1);
INSERT INTO public.spent_part (repair_id, part_id, amount) VALUES (1, 235, 2);
INSERT INTO public.spent_part (repair_id, part_id, amount) VALUES (7, 178, 1);
INSERT INTO public.spent_part (repair_id, part_id, amount) VALUES (1, 249, 3);
INSERT INTO public.spent_part (repair_id, part_id, amount) VALUES (1, 271, 4);
INSERT INTO public.spent_part (repair_id, part_id, amount) VALUES (6, 53, 3);
INSERT INTO public.spent_part (repair_id, part_id, amount) VALUES (8, 5, 4);
INSERT INTO public.spent_part (repair_id, part_id, amount) VALUES (1, 8, 5);
INSERT INTO public.spent_part (repair_id, part_id, amount) VALUES (2, 261, 4);
INSERT INTO public.spent_part (repair_id, part_id, amount) VALUES (6, 256, 2);
INSERT INTO public.spent_part (repair_id, part_id, amount) VALUES (9, 41, 5);
INSERT INTO public.spent_part (repair_id, part_id, amount) VALUES (7, 107, 4);
INSERT INTO public.spent_part (repair_id, part_id, amount) VALUES (10, 47, 5);
INSERT INTO public.spent_part (repair_id, part_id, amount) VALUES (2, 180, 4);
INSERT INTO public.spent_part (repair_id, part_id, amount) VALUES (6, 146, 4);
INSERT INTO public.spent_part (repair_id, part_id, amount) VALUES (1, 199, 5);
INSERT INTO public.spent_part (repair_id, part_id, amount) VALUES (2, 157, 3);
INSERT INTO public.spent_part (repair_id, part_id, amount) VALUES (10, 104, 1);
INSERT INTO public.spent_part (repair_id, part_id, amount) VALUES (3, 236, 3);
INSERT INTO public.spent_part (repair_id, part_id, amount) VALUES (4, 136, 5);
INSERT INTO public.spent_part (repair_id, part_id, amount) VALUES (4, 18, 1);
INSERT INTO public.spent_part (repair_id, part_id, amount) VALUES (3, 143, 2);
INSERT INTO public.spent_part (repair_id, part_id, amount) VALUES (9, 240, 4);
INSERT INTO public.spent_part (repair_id, part_id, amount) VALUES (7, 8, 2);
INSERT INTO public.spent_part (repair_id, part_id, amount) VALUES (2, 77, 4);
INSERT INTO public.spent_part (repair_id, part_id, amount) VALUES (11, 53, 3);
INSERT INTO public.spent_part (repair_id, part_id, amount) VALUES (5, 16, 1);
INSERT INTO public.spent_part (repair_id, part_id, amount) VALUES (3, 154, 4);
INSERT INTO public.spent_part (repair_id, part_id, amount) VALUES (11, 77, 4);
INSERT INTO public.spent_part (repair_id, part_id, amount) VALUES (2, 15, 3);
INSERT INTO public.spent_part (repair_id, part_id, amount) VALUES (4, 20, 2);
INSERT INTO public.spent_part (repair_id, part_id, amount) VALUES (9, 56, 2);
INSERT INTO public.spent_part (repair_id, part_id, amount) VALUES (4, 163, 1);
INSERT INTO public.spent_part (repair_id, part_id, amount) VALUES (3, 108, 4);
INSERT INTO public.spent_part (repair_id, part_id, amount) VALUES (5, 135, 2);
INSERT INTO public.spent_part (repair_id, part_id, amount) VALUES (7, 169, 4);
INSERT INTO public.spent_part (repair_id, part_id, amount) VALUES (3, 228, 4);
INSERT INTO public.spent_part (repair_id, part_id, amount) VALUES (2, 69, 3);
INSERT INTO public.spent_part (repair_id, part_id, amount) VALUES (7, 105, 3);
INSERT INTO public.spent_part (repair_id, part_id, amount) VALUES (5, 220, 2);
INSERT INTO public.spent_part (repair_id, part_id, amount) VALUES (9, 178, 4);
INSERT INTO public.spent_part (repair_id, part_id, amount) VALUES (10, 44, 1);
INSERT INTO public.spent_part (repair_id, part_id, amount) VALUES (7, 268, 1);
INSERT INTO public.spent_part (repair_id, part_id, amount) VALUES (8, 127, 1);
INSERT INTO public.spent_part (repair_id, part_id, amount) VALUES (10, 228, 1);
INSERT INTO public.spent_part (repair_id, part_id, amount) VALUES (7, 84, 4);
INSERT INTO public.spent_part (repair_id, part_id, amount) VALUES (9, 76, 1);
INSERT INTO public.spent_part (repair_id, part_id, amount) VALUES (9, 64, 1);
INSERT INTO public.spent_part (repair_id, part_id, amount) VALUES (8, 173, 1);
INSERT INTO public.spent_part (repair_id, part_id, amount) VALUES (7, 6, 1);
INSERT INTO public.spent_part (repair_id, part_id, amount) VALUES (6, 37, 1);
INSERT INTO public.spent_part (repair_id, part_id, amount) VALUES (4, 45, 2);
INSERT INTO public.spent_part (repair_id, part_id, amount) VALUES (1, 4, 4);
INSERT INTO public.spent_part (repair_id, part_id, amount) VALUES (2, 198, 3);
INSERT INTO public.spent_part (repair_id, part_id, amount) VALUES (9, 131, 3);
INSERT INTO public.spent_part (repair_id, part_id, amount) VALUES (2, 82, 1);
INSERT INTO public.spent_part (repair_id, part_id, amount) VALUES (5, 195, 1);
INSERT INTO public.spent_part (repair_id, part_id, amount) VALUES (7, 172, 4);
INSERT INTO public.spent_part (repair_id, part_id, amount) VALUES (10, 68, 3);
INSERT INTO public.spent_part (repair_id, part_id, amount) VALUES (4, 162, 2);
INSERT INTO public.spent_part (repair_id, part_id, amount) VALUES (10, 68, 2);
INSERT INTO public.spent_part (repair_id, part_id, amount) VALUES (4, 225, 5);
INSERT INTO public.spent_part (repair_id, part_id, amount) VALUES (11, 23, 2);
INSERT INTO public.spent_part (repair_id, part_id, amount) VALUES (8, 184, 4);
INSERT INTO public.spent_part (repair_id, part_id, amount) VALUES (5, 235, 5);
INSERT INTO public.spent_part (repair_id, part_id, amount) VALUES (9, 267, 3);
INSERT INTO public.spent_part (repair_id, part_id, amount) VALUES (5, 97, 3);
INSERT INTO public.spent_part (repair_id, part_id, amount) VALUES (3, 205, 5);
INSERT INTO public.spent_part (repair_id, part_id, amount) VALUES (6, 106, 3);
INSERT INTO public.spent_part (repair_id, part_id, amount) VALUES (6, 24, 5);
INSERT INTO public.spent_part (repair_id, part_id, amount) VALUES (10, 151, 2);
INSERT INTO public.spent_part (repair_id, part_id, amount) VALUES (2, 232, 3);
INSERT INTO public.spent_part (repair_id, part_id, amount) VALUES (2, 114, 3);
INSERT INTO public.spent_part (repair_id, part_id, amount) VALUES (4, 173, 5);
INSERT INTO public.spent_part (repair_id, part_id, amount) VALUES (4, 235, 2);
INSERT INTO public.spent_part (repair_id, part_id, amount) VALUES (2, 258, 2);
INSERT INTO public.spent_part (repair_id, part_id, amount) VALUES (11, 219, 4);
INSERT INTO public.spent_part (repair_id, part_id, amount) VALUES (4, 168, 1);
INSERT INTO public.spent_part (repair_id, part_id, amount) VALUES (5, 130, 4);
INSERT INTO public.spent_part (repair_id, part_id, amount) VALUES (8, 155, 4);
INSERT INTO public.spent_part (repair_id, part_id, amount) VALUES (4, 117, 1);
INSERT INTO public.spent_part (repair_id, part_id, amount) VALUES (1, 49, 4);
INSERT INTO public.spent_part (repair_id, part_id, amount) VALUES (3, 175, 1);
INSERT INTO public.workshop (workshop_id, open_time, close_time, location_id) VALUES (1, '10:00:00', '22:00:00', 7);
INSERT INTO public.workshop (workshop_id, open_time, close_time, location_id) VALUES (2, '10:00:00', '23:00:00', 11);
INSERT INTO public.workshop (workshop_id, open_time, close_time, location_id) VALUES (3, '05:00:00', '22:00:00', 53);
INSERT INTO public.workshop (workshop_id, open_time, close_time, location_id) VALUES (4, '08:00:00', '21:00:00', 47);
INSERT INTO public.workshop (workshop_id, open_time, close_time, location_id) VALUES (5, '10:00:00', '20:00:00', 3);
INSERT INTO public.workshop (workshop_id, open_time, close_time, location_id) VALUES (6, '06:00:00', '22:00:00', 32);
INSERT INTO public.workshop (workshop_id, open_time, close_time, location_id) VALUES (7, '05:00:00', '20:00:00', 82);
INSERT INTO public.workshop (workshop_id, open_time, close_time, location_id) VALUES (8, '10:00:00', '21:00:00', 54);
INSERT INTO public.workshop (workshop_id, open_time, close_time, location_id) VALUES (9, '06:00:00', '21:00:00', 26);
INSERT INTO public.workshop (workshop_id, open_time, close_time, location_id) VALUES (10, '05:00:00', '21:00:00', 75);
INSERT INTO public.workshop (workshop_id, open_time, close_time, location_id) VALUES (11, '09:00:00', '22:00:00', 85);